"Cell","Status"
"Cell_1","non-rare"
"Cell_2","non-rare"
"Cell_3","non-rare"
"Cell_4","non-rare"
"Cell_5","non-rare"
"Cell_6","non-rare"
"Cell_7","non-rare"
"Cell_8","non-rare"
"Cell_9","non-rare"
"Cell_10","non-rare"
"Cell_11","non-rare"
"Cell_12","non-rare"
"Cell_13","non-rare"
"Cell_14","non-rare"
"Cell_15","non-rare"
"Cell_16","non-rare"
"Cell_17","non-rare"
"Cell_18","non-rare"
"Cell_19","non-rare"
"Cell_20","non-rare"
"Cell_21","non-rare"
"Cell_22","non-rare"
"Cell_23","rare"
"Cell_24","non-rare"
"Cell_25","non-rare"
"Cell_26","non-rare"
"Cell_27","non-rare"
"Cell_28","non-rare"
"Cell_29","non-rare"
"Cell_30","non-rare"
"Cell_31","non-rare"
"Cell_32","non-rare"
"Cell_33","non-rare"
"Cell_34","non-rare"
"Cell_35","non-rare"
"Cell_36","non-rare"
"Cell_37","non-rare"
"Cell_38","non-rare"
"Cell_39","non-rare"
"Cell_40","non-rare"
"Cell_41","non-rare"
"Cell_42","non-rare"
"Cell_43","non-rare"
"Cell_44","non-rare"
"Cell_45","non-rare"
"Cell_46","non-rare"
"Cell_47","non-rare"
"Cell_48","non-rare"
"Cell_49","non-rare"
"Cell_50","non-rare"
"Cell_51","non-rare"
"Cell_52","non-rare"
"Cell_53","non-rare"
"Cell_54","non-rare"
"Cell_55","non-rare"
"Cell_56","non-rare"
"Cell_57","non-rare"
"Cell_58","non-rare"
"Cell_59","non-rare"
"Cell_60","non-rare"
"Cell_61","non-rare"
"Cell_62","non-rare"
"Cell_63","non-rare"
"Cell_64","non-rare"
"Cell_65","non-rare"
"Cell_66","non-rare"
"Cell_67","non-rare"
"Cell_68","rare"
"Cell_69","non-rare"
"Cell_70","non-rare"
"Cell_71","non-rare"
"Cell_72","non-rare"
"Cell_73","non-rare"
"Cell_74","non-rare"
"Cell_75","non-rare"
"Cell_76","non-rare"
"Cell_77","non-rare"
"Cell_78","non-rare"
"Cell_79","non-rare"
"Cell_80","non-rare"
"Cell_81","non-rare"
"Cell_82","non-rare"
"Cell_83","non-rare"
"Cell_84","non-rare"
"Cell_85","non-rare"
"Cell_86","non-rare"
"Cell_87","non-rare"
"Cell_88","non-rare"
"Cell_89","non-rare"
"Cell_90","non-rare"
"Cell_91","non-rare"
"Cell_92","non-rare"
"Cell_93","non-rare"
"Cell_94","non-rare"
"Cell_95","non-rare"
"Cell_96","non-rare"
"Cell_97","non-rare"
"Cell_98","non-rare"
"Cell_99","non-rare"
"Cell_100","non-rare"
"Cell_101","non-rare"
"Cell_102","non-rare"
"Cell_103","non-rare"
"Cell_104","non-rare"
"Cell_105","non-rare"
"Cell_106","non-rare"
"Cell_107","non-rare"
"Cell_108","non-rare"
"Cell_109","non-rare"
"Cell_110","non-rare"
"Cell_111","non-rare"
"Cell_112","non-rare"
"Cell_113","non-rare"
"Cell_114","non-rare"
"Cell_115","non-rare"
"Cell_116","non-rare"
"Cell_117","non-rare"
"Cell_118","non-rare"
"Cell_119","non-rare"
"Cell_120","non-rare"
"Cell_121","non-rare"
"Cell_122","non-rare"
"Cell_123","non-rare"
"Cell_124","non-rare"
"Cell_125","non-rare"
"Cell_126","non-rare"
"Cell_127","non-rare"
"Cell_128","non-rare"
"Cell_129","non-rare"
"Cell_130","non-rare"
"Cell_131","non-rare"
"Cell_132","non-rare"
"Cell_133","non-rare"
"Cell_134","non-rare"
"Cell_135","non-rare"
"Cell_136","non-rare"
"Cell_137","non-rare"
"Cell_138","rare"
"Cell_139","non-rare"
"Cell_140","non-rare"
"Cell_141","non-rare"
"Cell_142","non-rare"
"Cell_143","non-rare"
"Cell_144","non-rare"
"Cell_145","non-rare"
"Cell_146","non-rare"
"Cell_147","non-rare"
"Cell_148","non-rare"
"Cell_149","non-rare"
"Cell_150","non-rare"
"Cell_151","non-rare"
"Cell_152","non-rare"
"Cell_153","non-rare"
"Cell_154","non-rare"
"Cell_155","non-rare"
"Cell_156","non-rare"
"Cell_157","non-rare"
"Cell_158","non-rare"
"Cell_159","non-rare"
"Cell_160","non-rare"
"Cell_161","non-rare"
"Cell_162","non-rare"
"Cell_163","non-rare"
"Cell_164","non-rare"
"Cell_165","non-rare"
"Cell_166","non-rare"
"Cell_167","non-rare"
"Cell_168","non-rare"
"Cell_169","non-rare"
"Cell_170","non-rare"
"Cell_171","non-rare"
"Cell_172","non-rare"
"Cell_173","non-rare"
"Cell_174","non-rare"
"Cell_175","non-rare"
"Cell_176","non-rare"
"Cell_177","non-rare"
"Cell_178","non-rare"
"Cell_179","non-rare"
"Cell_180","non-rare"
"Cell_181","non-rare"
"Cell_182","non-rare"
"Cell_183","non-rare"
"Cell_184","non-rare"
"Cell_185","non-rare"
"Cell_186","non-rare"
"Cell_187","non-rare"
"Cell_188","non-rare"
"Cell_189","non-rare"
"Cell_190","non-rare"
"Cell_191","non-rare"
"Cell_192","non-rare"
"Cell_193","non-rare"
"Cell_194","non-rare"
"Cell_195","non-rare"
"Cell_196","non-rare"
"Cell_197","non-rare"
"Cell_198","non-rare"
"Cell_199","non-rare"
"Cell_200","non-rare"
"Cell_201","non-rare"
"Cell_202","non-rare"
"Cell_203","non-rare"
"Cell_204","non-rare"
"Cell_205","non-rare"
"Cell_206","non-rare"
"Cell_207","non-rare"
"Cell_208","non-rare"
"Cell_209","non-rare"
"Cell_210","non-rare"
"Cell_211","non-rare"
"Cell_212","non-rare"
"Cell_213","non-rare"
"Cell_214","non-rare"
"Cell_215","non-rare"
"Cell_216","non-rare"
"Cell_217","non-rare"
"Cell_218","non-rare"
"Cell_219","non-rare"
"Cell_220","non-rare"
"Cell_221","non-rare"
"Cell_222","non-rare"
"Cell_223","non-rare"
"Cell_224","non-rare"
"Cell_225","non-rare"
"Cell_226","non-rare"
"Cell_227","non-rare"
"Cell_228","non-rare"
"Cell_229","non-rare"
"Cell_230","non-rare"
"Cell_231","non-rare"
"Cell_232","non-rare"
"Cell_233","non-rare"
"Cell_234","non-rare"
"Cell_235","non-rare"
"Cell_236","non-rare"
"Cell_237","non-rare"
"Cell_238","non-rare"
"Cell_239","non-rare"
"Cell_240","non-rare"
"Cell_241","non-rare"
"Cell_242","non-rare"
"Cell_243","non-rare"
"Cell_244","non-rare"
"Cell_245","non-rare"
"Cell_246","non-rare"
"Cell_247","non-rare"
"Cell_248","non-rare"
"Cell_249","non-rare"
"Cell_250","non-rare"
"Cell_251","non-rare"
"Cell_252","non-rare"
"Cell_253","non-rare"
"Cell_254","non-rare"
"Cell_255","non-rare"
"Cell_256","non-rare"
"Cell_257","non-rare"
"Cell_258","non-rare"
"Cell_259","non-rare"
"Cell_260","rare"
"Cell_261","non-rare"
"Cell_262","non-rare"
"Cell_263","non-rare"
"Cell_264","non-rare"
"Cell_265","non-rare"
"Cell_266","non-rare"
"Cell_267","non-rare"
"Cell_268","non-rare"
"Cell_269","non-rare"
"Cell_270","non-rare"
"Cell_271","non-rare"
"Cell_272","non-rare"
"Cell_273","non-rare"
"Cell_274","non-rare"
"Cell_275","non-rare"
"Cell_276","non-rare"
"Cell_277","non-rare"
"Cell_278","non-rare"
"Cell_279","non-rare"
"Cell_280","non-rare"
"Cell_281","non-rare"
"Cell_282","non-rare"
"Cell_283","non-rare"
"Cell_284","non-rare"
"Cell_285","non-rare"
"Cell_286","non-rare"
"Cell_287","non-rare"
"Cell_288","non-rare"
"Cell_289","non-rare"
"Cell_290","non-rare"
"Cell_291","non-rare"
"Cell_292","non-rare"
"Cell_293","non-rare"
"Cell_294","non-rare"
"Cell_295","non-rare"
"Cell_296","rare"
"Cell_297","non-rare"
"Cell_298","non-rare"
"Cell_299","non-rare"
"Cell_300","non-rare"
"Cell_301","non-rare"
"Cell_302","non-rare"
"Cell_303","non-rare"
"Cell_304","non-rare"
"Cell_305","non-rare"
"Cell_306","non-rare"
"Cell_307","non-rare"
"Cell_308","non-rare"
"Cell_309","non-rare"
"Cell_310","non-rare"
"Cell_311","non-rare"
"Cell_312","non-rare"
"Cell_313","non-rare"
"Cell_314","non-rare"
"Cell_315","non-rare"
"Cell_316","non-rare"
"Cell_317","non-rare"
"Cell_318","non-rare"
"Cell_319","non-rare"
"Cell_320","non-rare"
"Cell_321","non-rare"
"Cell_322","non-rare"
"Cell_323","non-rare"
"Cell_324","non-rare"
"Cell_325","non-rare"
"Cell_326","non-rare"
"Cell_327","non-rare"
"Cell_328","non-rare"
"Cell_329","non-rare"
"Cell_330","non-rare"
"Cell_331","non-rare"
"Cell_332","non-rare"
"Cell_333","non-rare"
"Cell_334","non-rare"
"Cell_335","non-rare"
"Cell_336","non-rare"
"Cell_337","non-rare"
"Cell_338","non-rare"
"Cell_339","non-rare"
"Cell_340","non-rare"
"Cell_341","non-rare"
"Cell_342","non-rare"
"Cell_343","non-rare"
"Cell_344","non-rare"
"Cell_345","non-rare"
"Cell_346","non-rare"
"Cell_347","non-rare"
"Cell_348","non-rare"
"Cell_349","non-rare"
"Cell_350","non-rare"
"Cell_351","non-rare"
"Cell_352","non-rare"
"Cell_353","non-rare"
"Cell_354","non-rare"
"Cell_355","non-rare"
"Cell_356","non-rare"
"Cell_357","non-rare"
"Cell_358","non-rare"
"Cell_359","non-rare"
"Cell_360","non-rare"
"Cell_361","non-rare"
"Cell_362","non-rare"
"Cell_363","non-rare"
"Cell_364","non-rare"
"Cell_365","non-rare"
"Cell_366","non-rare"
"Cell_367","non-rare"
"Cell_368","non-rare"
"Cell_369","rare"
"Cell_370","non-rare"
"Cell_371","non-rare"
"Cell_372","non-rare"
"Cell_373","non-rare"
"Cell_374","non-rare"
"Cell_375","non-rare"
"Cell_376","non-rare"
"Cell_377","non-rare"
"Cell_378","non-rare"
"Cell_379","non-rare"
"Cell_380","non-rare"
"Cell_381","non-rare"
"Cell_382","non-rare"
"Cell_383","non-rare"
"Cell_384","non-rare"
"Cell_385","non-rare"
"Cell_386","non-rare"
"Cell_387","non-rare"
"Cell_388","non-rare"
"Cell_389","non-rare"
"Cell_390","non-rare"
"Cell_391","non-rare"
"Cell_392","non-rare"
"Cell_393","non-rare"
"Cell_394","non-rare"
"Cell_395","non-rare"
"Cell_396","non-rare"
"Cell_397","non-rare"
"Cell_398","non-rare"
"Cell_399","non-rare"
"Cell_400","non-rare"
"Cell_401","non-rare"
"Cell_402","non-rare"
"Cell_403","non-rare"
"Cell_404","non-rare"
"Cell_405","non-rare"
"Cell_406","non-rare"
"Cell_407","non-rare"
"Cell_408","non-rare"
"Cell_409","non-rare"
"Cell_410","non-rare"
"Cell_411","non-rare"
"Cell_412","non-rare"
"Cell_413","non-rare"
"Cell_414","non-rare"
"Cell_415","non-rare"
"Cell_416","non-rare"
"Cell_417","non-rare"
"Cell_418","non-rare"
"Cell_419","non-rare"
"Cell_420","non-rare"
"Cell_421","non-rare"
"Cell_422","non-rare"
"Cell_423","non-rare"
"Cell_424","non-rare"
"Cell_425","non-rare"
"Cell_426","non-rare"
"Cell_427","non-rare"
"Cell_428","non-rare"
"Cell_429","non-rare"
"Cell_430","non-rare"
"Cell_431","non-rare"
"Cell_432","non-rare"
"Cell_433","non-rare"
"Cell_434","non-rare"
"Cell_435","non-rare"
"Cell_436","non-rare"
"Cell_437","non-rare"
"Cell_438","non-rare"
"Cell_439","non-rare"
"Cell_440","non-rare"
"Cell_441","non-rare"
"Cell_442","non-rare"
"Cell_443","non-rare"
"Cell_444","non-rare"
"Cell_445","non-rare"
"Cell_446","non-rare"
"Cell_447","non-rare"
"Cell_448","non-rare"
"Cell_449","non-rare"
"Cell_450","non-rare"
"Cell_451","non-rare"
"Cell_452","non-rare"
"Cell_453","non-rare"
"Cell_454","non-rare"
"Cell_455","non-rare"
"Cell_456","non-rare"
"Cell_457","non-rare"
"Cell_458","non-rare"
"Cell_459","non-rare"
"Cell_460","non-rare"
"Cell_461","non-rare"
"Cell_462","non-rare"
"Cell_463","non-rare"
"Cell_464","non-rare"
"Cell_465","non-rare"
"Cell_466","non-rare"
"Cell_467","non-rare"
"Cell_468","non-rare"
"Cell_469","non-rare"
"Cell_470","non-rare"
"Cell_471","non-rare"
"Cell_472","non-rare"
"Cell_473","non-rare"
"Cell_474","non-rare"
"Cell_475","non-rare"
"Cell_476","non-rare"
"Cell_477","non-rare"
"Cell_478","non-rare"
"Cell_479","non-rare"
"Cell_480","non-rare"
"Cell_481","non-rare"
"Cell_482","non-rare"
"Cell_483","non-rare"
"Cell_484","non-rare"
"Cell_485","non-rare"
"Cell_486","non-rare"
"Cell_487","non-rare"
"Cell_488","non-rare"
"Cell_489","non-rare"
"Cell_490","non-rare"
"Cell_491","non-rare"
"Cell_492","non-rare"
"Cell_493","non-rare"
"Cell_494","non-rare"
"Cell_495","non-rare"
"Cell_496","non-rare"
"Cell_497","non-rare"
"Cell_498","non-rare"
"Cell_499","non-rare"
"Cell_500","non-rare"
"Cell_501","non-rare"
"Cell_502","non-rare"
"Cell_503","non-rare"
"Cell_504","non-rare"
"Cell_505","non-rare"
"Cell_506","non-rare"
"Cell_507","non-rare"
"Cell_508","non-rare"
"Cell_509","non-rare"
"Cell_510","non-rare"
"Cell_511","non-rare"
"Cell_512","non-rare"
"Cell_513","non-rare"
"Cell_514","non-rare"
"Cell_515","non-rare"
"Cell_516","non-rare"
"Cell_517","non-rare"
"Cell_518","non-rare"
"Cell_519","non-rare"
"Cell_520","non-rare"
"Cell_521","non-rare"
"Cell_522","non-rare"
"Cell_523","non-rare"
"Cell_524","non-rare"
"Cell_525","non-rare"
"Cell_526","non-rare"
"Cell_527","non-rare"
"Cell_528","non-rare"
"Cell_529","rare"
"Cell_530","non-rare"
"Cell_531","non-rare"
"Cell_532","non-rare"
"Cell_533","non-rare"
"Cell_534","non-rare"
"Cell_535","non-rare"
"Cell_536","non-rare"
"Cell_537","non-rare"
"Cell_538","non-rare"
"Cell_539","non-rare"
"Cell_540","non-rare"
"Cell_541","non-rare"
"Cell_542","non-rare"
"Cell_543","non-rare"
"Cell_544","non-rare"
"Cell_545","non-rare"
"Cell_546","non-rare"
"Cell_547","non-rare"
"Cell_548","non-rare"
"Cell_549","non-rare"
"Cell_550","non-rare"
"Cell_551","non-rare"
"Cell_552","non-rare"
"Cell_553","non-rare"
"Cell_554","non-rare"
"Cell_555","non-rare"
"Cell_556","non-rare"
"Cell_557","non-rare"
"Cell_558","non-rare"
"Cell_559","non-rare"
"Cell_560","non-rare"
"Cell_561","non-rare"
"Cell_562","non-rare"
"Cell_563","non-rare"
"Cell_564","non-rare"
"Cell_565","non-rare"
"Cell_566","non-rare"
"Cell_567","non-rare"
"Cell_568","non-rare"
"Cell_569","non-rare"
"Cell_570","non-rare"
"Cell_571","non-rare"
"Cell_572","non-rare"
"Cell_573","non-rare"
"Cell_574","non-rare"
"Cell_575","non-rare"
"Cell_576","non-rare"
"Cell_577","non-rare"
"Cell_578","non-rare"
"Cell_579","non-rare"
"Cell_580","non-rare"
"Cell_581","non-rare"
"Cell_582","non-rare"
"Cell_583","non-rare"
"Cell_584","rare"
"Cell_585","non-rare"
"Cell_586","non-rare"
"Cell_587","non-rare"
"Cell_588","non-rare"
"Cell_589","non-rare"
"Cell_590","non-rare"
"Cell_591","non-rare"
"Cell_592","non-rare"
"Cell_593","non-rare"
"Cell_594","non-rare"
"Cell_595","non-rare"
"Cell_596","non-rare"
"Cell_597","non-rare"
"Cell_598","non-rare"
"Cell_599","non-rare"
"Cell_600","non-rare"
"Cell_601","non-rare"
"Cell_602","non-rare"
"Cell_603","non-rare"
"Cell_604","non-rare"
"Cell_605","non-rare"
"Cell_606","non-rare"
"Cell_607","non-rare"
"Cell_608","non-rare"
"Cell_609","non-rare"
"Cell_610","non-rare"
"Cell_611","non-rare"
"Cell_612","non-rare"
"Cell_613","non-rare"
"Cell_614","non-rare"
"Cell_615","non-rare"
"Cell_616","non-rare"
"Cell_617","non-rare"
"Cell_618","non-rare"
"Cell_619","non-rare"
"Cell_620","non-rare"
"Cell_621","non-rare"
"Cell_622","non-rare"
"Cell_623","non-rare"
"Cell_624","non-rare"
"Cell_625","non-rare"
"Cell_626","non-rare"
"Cell_627","non-rare"
"Cell_628","non-rare"
"Cell_629","non-rare"
"Cell_630","non-rare"
"Cell_631","non-rare"
"Cell_632","non-rare"
"Cell_633","non-rare"
"Cell_634","non-rare"
"Cell_635","non-rare"
"Cell_636","non-rare"
"Cell_637","non-rare"
"Cell_638","non-rare"
"Cell_639","non-rare"
"Cell_640","non-rare"
"Cell_641","non-rare"
"Cell_642","non-rare"
"Cell_643","non-rare"
"Cell_644","non-rare"
"Cell_645","non-rare"
"Cell_646","non-rare"
"Cell_647","non-rare"
"Cell_648","non-rare"
"Cell_649","non-rare"
"Cell_650","non-rare"
"Cell_651","non-rare"
"Cell_652","non-rare"
"Cell_653","non-rare"
"Cell_654","non-rare"
"Cell_655","non-rare"
"Cell_656","non-rare"
"Cell_657","non-rare"
"Cell_658","non-rare"
"Cell_659","non-rare"
"Cell_660","non-rare"
"Cell_661","non-rare"
"Cell_662","non-rare"
"Cell_663","non-rare"
"Cell_664","non-rare"
"Cell_665","non-rare"
"Cell_666","non-rare"
"Cell_667","non-rare"
"Cell_668","non-rare"
"Cell_669","non-rare"
"Cell_670","non-rare"
"Cell_671","non-rare"
"Cell_672","non-rare"
"Cell_673","non-rare"
"Cell_674","non-rare"
"Cell_675","non-rare"
"Cell_676","non-rare"
"Cell_677","non-rare"
"Cell_678","non-rare"
"Cell_679","non-rare"
"Cell_680","non-rare"
"Cell_681","non-rare"
"Cell_682","non-rare"
"Cell_683","non-rare"
"Cell_684","non-rare"
"Cell_685","non-rare"
"Cell_686","non-rare"
"Cell_687","non-rare"
"Cell_688","non-rare"
"Cell_689","non-rare"
"Cell_690","non-rare"
"Cell_691","non-rare"
"Cell_692","non-rare"
"Cell_693","non-rare"
"Cell_694","non-rare"
"Cell_695","non-rare"
"Cell_696","non-rare"
"Cell_697","non-rare"
"Cell_698","non-rare"
"Cell_699","non-rare"
"Cell_700","non-rare"
"Cell_701","non-rare"
"Cell_702","non-rare"
"Cell_703","non-rare"
"Cell_704","non-rare"
"Cell_705","non-rare"
"Cell_706","non-rare"
"Cell_707","non-rare"
"Cell_708","non-rare"
"Cell_709","non-rare"
"Cell_710","non-rare"
"Cell_711","non-rare"
"Cell_712","non-rare"
"Cell_713","non-rare"
"Cell_714","non-rare"
"Cell_715","non-rare"
"Cell_716","non-rare"
"Cell_717","non-rare"
"Cell_718","non-rare"
"Cell_719","non-rare"
"Cell_720","non-rare"
"Cell_721","non-rare"
"Cell_722","non-rare"
"Cell_723","non-rare"
"Cell_724","non-rare"
"Cell_725","non-rare"
"Cell_726","non-rare"
"Cell_727","non-rare"
"Cell_728","non-rare"
"Cell_729","non-rare"
"Cell_730","non-rare"
"Cell_731","non-rare"
"Cell_732","non-rare"
"Cell_733","non-rare"
"Cell_734","non-rare"
"Cell_735","non-rare"
"Cell_736","non-rare"
"Cell_737","non-rare"
"Cell_738","non-rare"
"Cell_739","non-rare"
"Cell_740","non-rare"
"Cell_741","non-rare"
"Cell_742","non-rare"
"Cell_743","non-rare"
"Cell_744","non-rare"
"Cell_745","non-rare"
"Cell_746","non-rare"
"Cell_747","non-rare"
"Cell_748","non-rare"
"Cell_749","non-rare"
"Cell_750","non-rare"
"Cell_751","non-rare"
"Cell_752","non-rare"
"Cell_753","non-rare"
"Cell_754","non-rare"
"Cell_755","non-rare"
"Cell_756","non-rare"
"Cell_757","non-rare"
"Cell_758","non-rare"
"Cell_759","non-rare"
"Cell_760","non-rare"
"Cell_761","non-rare"
"Cell_762","non-rare"
"Cell_763","non-rare"
"Cell_764","non-rare"
"Cell_765","non-rare"
"Cell_766","non-rare"
"Cell_767","non-rare"
"Cell_768","non-rare"
"Cell_769","non-rare"
"Cell_770","non-rare"
"Cell_771","non-rare"
"Cell_772","non-rare"
"Cell_773","non-rare"
"Cell_774","non-rare"
"Cell_775","non-rare"
"Cell_776","non-rare"
"Cell_777","non-rare"
"Cell_778","non-rare"
"Cell_779","non-rare"
"Cell_780","non-rare"
"Cell_781","non-rare"
"Cell_782","non-rare"
"Cell_783","non-rare"
"Cell_784","non-rare"
"Cell_785","non-rare"
"Cell_786","non-rare"
"Cell_787","non-rare"
"Cell_788","non-rare"
"Cell_789","non-rare"
"Cell_790","non-rare"
"Cell_791","non-rare"
"Cell_792","non-rare"
"Cell_793","non-rare"
"Cell_794","non-rare"
"Cell_795","non-rare"
"Cell_796","non-rare"
"Cell_797","non-rare"
"Cell_798","non-rare"
"Cell_799","non-rare"
"Cell_800","non-rare"
"Cell_801","non-rare"
"Cell_802","non-rare"
"Cell_803","non-rare"
"Cell_804","non-rare"
"Cell_805","non-rare"
"Cell_806","non-rare"
"Cell_807","non-rare"
"Cell_808","non-rare"
"Cell_809","non-rare"
"Cell_810","non-rare"
"Cell_811","non-rare"
"Cell_812","non-rare"
"Cell_813","non-rare"
"Cell_814","non-rare"
"Cell_815","non-rare"
"Cell_816","non-rare"
"Cell_817","non-rare"
"Cell_818","non-rare"
"Cell_819","non-rare"
"Cell_820","non-rare"
"Cell_821","non-rare"
"Cell_822","non-rare"
"Cell_823","non-rare"
"Cell_824","non-rare"
"Cell_825","non-rare"
"Cell_826","non-rare"
"Cell_827","non-rare"
"Cell_828","non-rare"
"Cell_829","non-rare"
"Cell_830","non-rare"
"Cell_831","non-rare"
"Cell_832","non-rare"
"Cell_833","non-rare"
"Cell_834","non-rare"
"Cell_835","non-rare"
"Cell_836","non-rare"
"Cell_837","non-rare"
"Cell_838","non-rare"
"Cell_839","non-rare"
"Cell_840","non-rare"
"Cell_841","non-rare"
"Cell_842","non-rare"
"Cell_843","non-rare"
"Cell_844","non-rare"
"Cell_845","non-rare"
"Cell_846","non-rare"
"Cell_847","non-rare"
"Cell_848","non-rare"
"Cell_849","non-rare"
"Cell_850","non-rare"
"Cell_851","non-rare"
"Cell_852","non-rare"
"Cell_853","non-rare"
"Cell_854","non-rare"
"Cell_855","non-rare"
"Cell_856","non-rare"
"Cell_857","non-rare"
"Cell_858","non-rare"
"Cell_859","non-rare"
"Cell_860","non-rare"
"Cell_861","non-rare"
"Cell_862","non-rare"
"Cell_863","non-rare"
"Cell_864","non-rare"
"Cell_865","non-rare"
"Cell_866","non-rare"
"Cell_867","non-rare"
"Cell_868","non-rare"
"Cell_869","non-rare"
"Cell_870","non-rare"
"Cell_871","non-rare"
"Cell_872","non-rare"
"Cell_873","non-rare"
"Cell_874","non-rare"
"Cell_875","non-rare"
"Cell_876","non-rare"
"Cell_877","non-rare"
"Cell_878","non-rare"
"Cell_879","non-rare"
"Cell_880","non-rare"
"Cell_881","non-rare"
"Cell_882","non-rare"
"Cell_883","non-rare"
"Cell_884","non-rare"
"Cell_885","non-rare"
"Cell_886","non-rare"
"Cell_887","non-rare"
"Cell_888","non-rare"
"Cell_889","non-rare"
"Cell_890","non-rare"
"Cell_891","non-rare"
"Cell_892","non-rare"
"Cell_893","non-rare"
"Cell_894","non-rare"
"Cell_895","non-rare"
"Cell_896","non-rare"
"Cell_897","non-rare"
"Cell_898","non-rare"
"Cell_899","non-rare"
"Cell_900","non-rare"
"Cell_901","non-rare"
"Cell_902","non-rare"
"Cell_903","non-rare"
"Cell_904","non-rare"
"Cell_905","non-rare"
"Cell_906","non-rare"
"Cell_907","non-rare"
"Cell_908","non-rare"
"Cell_909","non-rare"
"Cell_910","non-rare"
"Cell_911","non-rare"
"Cell_912","non-rare"
"Cell_913","non-rare"
"Cell_914","non-rare"
"Cell_915","non-rare"
"Cell_916","non-rare"
"Cell_917","non-rare"
"Cell_918","non-rare"
"Cell_919","non-rare"
"Cell_920","non-rare"
"Cell_921","non-rare"
"Cell_922","non-rare"
"Cell_923","non-rare"
"Cell_924","non-rare"
"Cell_925","non-rare"
"Cell_926","non-rare"
"Cell_927","non-rare"
"Cell_928","non-rare"
"Cell_929","non-rare"
"Cell_930","non-rare"
"Cell_931","non-rare"
"Cell_932","non-rare"
"Cell_933","non-rare"
"Cell_934","non-rare"
"Cell_935","non-rare"
"Cell_936","non-rare"
"Cell_937","non-rare"
"Cell_938","non-rare"
"Cell_939","non-rare"
"Cell_940","non-rare"
"Cell_941","non-rare"
"Cell_942","non-rare"
"Cell_943","non-rare"
"Cell_944","non-rare"
"Cell_945","non-rare"
"Cell_946","non-rare"
"Cell_947","non-rare"
"Cell_948","non-rare"
"Cell_949","non-rare"
"Cell_950","non-rare"
"Cell_951","non-rare"
"Cell_952","non-rare"
"Cell_953","non-rare"
"Cell_954","non-rare"
"Cell_955","non-rare"
"Cell_956","non-rare"
"Cell_957","non-rare"
"Cell_958","non-rare"
"Cell_959","non-rare"
"Cell_960","non-rare"
"Cell_961","non-rare"
"Cell_962","non-rare"
"Cell_963","non-rare"
"Cell_964","non-rare"
"Cell_965","non-rare"
"Cell_966","non-rare"
"Cell_967","non-rare"
"Cell_968","non-rare"
"Cell_969","non-rare"
"Cell_970","non-rare"
"Cell_971","non-rare"
"Cell_972","rare"
"Cell_973","non-rare"
"Cell_974","non-rare"
"Cell_975","non-rare"
"Cell_976","non-rare"
"Cell_977","non-rare"
"Cell_978","non-rare"
"Cell_979","non-rare"
"Cell_980","non-rare"
"Cell_981","non-rare"
"Cell_982","non-rare"
"Cell_983","non-rare"
"Cell_984","non-rare"
"Cell_985","non-rare"
"Cell_986","non-rare"
"Cell_987","non-rare"
"Cell_988","non-rare"
"Cell_989","non-rare"
"Cell_990","non-rare"
"Cell_991","non-rare"
"Cell_992","non-rare"
"Cell_993","non-rare"
"Cell_994","non-rare"
"Cell_995","non-rare"
"Cell_996","non-rare"
"Cell_997","non-rare"
"Cell_998","non-rare"
"Cell_999","non-rare"
"Cell_1000","non-rare"
"Cell_1001","non-rare"
"Cell_1002","non-rare"
"Cell_1003","non-rare"
"Cell_1004","non-rare"
"Cell_1005","non-rare"
"Cell_1006","non-rare"
"Cell_1007","non-rare"
"Cell_1008","non-rare"
"Cell_1009","non-rare"
"Cell_1010","non-rare"
"Cell_1011","non-rare"
"Cell_1012","non-rare"
"Cell_1013","non-rare"
"Cell_1014","non-rare"
"Cell_1015","non-rare"
"Cell_1016","non-rare"
"Cell_1017","non-rare"
"Cell_1018","non-rare"
"Cell_1019","non-rare"
"Cell_1020","non-rare"
"Cell_1021","non-rare"
"Cell_1022","non-rare"
"Cell_1023","non-rare"
"Cell_1024","non-rare"
"Cell_1025","non-rare"
"Cell_1026","non-rare"
"Cell_1027","non-rare"
"Cell_1028","non-rare"
"Cell_1029","non-rare"
"Cell_1030","non-rare"
"Cell_1031","non-rare"
"Cell_1032","non-rare"
"Cell_1033","non-rare"
"Cell_1034","non-rare"
"Cell_1035","non-rare"
"Cell_1036","non-rare"
"Cell_1037","non-rare"
"Cell_1038","non-rare"
"Cell_1039","non-rare"
"Cell_1040","non-rare"
"Cell_1041","non-rare"
"Cell_1042","non-rare"
"Cell_1043","non-rare"
"Cell_1044","non-rare"
"Cell_1045","non-rare"
"Cell_1046","non-rare"
"Cell_1047","non-rare"
"Cell_1048","non-rare"
"Cell_1049","non-rare"
"Cell_1050","non-rare"
"Cell_1051","non-rare"
"Cell_1052","non-rare"
"Cell_1053","non-rare"
"Cell_1054","non-rare"
"Cell_1055","non-rare"
"Cell_1056","non-rare"
"Cell_1057","non-rare"
"Cell_1058","non-rare"
"Cell_1059","non-rare"
"Cell_1060","non-rare"
"Cell_1061","non-rare"
"Cell_1062","non-rare"
"Cell_1063","non-rare"
"Cell_1064","non-rare"
"Cell_1065","non-rare"
"Cell_1066","non-rare"
"Cell_1067","non-rare"
"Cell_1068","non-rare"
"Cell_1069","non-rare"
"Cell_1070","non-rare"
"Cell_1071","non-rare"
"Cell_1072","non-rare"
"Cell_1073","non-rare"
"Cell_1074","non-rare"
"Cell_1075","non-rare"
"Cell_1076","non-rare"
"Cell_1077","non-rare"
"Cell_1078","non-rare"
"Cell_1079","non-rare"
"Cell_1080","non-rare"
"Cell_1081","non-rare"
"Cell_1082","non-rare"
"Cell_1083","non-rare"
"Cell_1084","non-rare"
"Cell_1085","non-rare"
"Cell_1086","non-rare"
"Cell_1087","non-rare"
"Cell_1088","non-rare"
"Cell_1089","non-rare"
"Cell_1090","non-rare"
"Cell_1091","non-rare"
"Cell_1092","non-rare"
"Cell_1093","non-rare"
"Cell_1094","non-rare"
"Cell_1095","non-rare"
"Cell_1096","non-rare"
"Cell_1097","non-rare"
"Cell_1098","non-rare"
"Cell_1099","non-rare"
"Cell_1100","non-rare"
"Cell_1101","non-rare"
"Cell_1102","non-rare"
"Cell_1103","non-rare"
"Cell_1104","non-rare"
"Cell_1105","non-rare"
"Cell_1106","non-rare"
"Cell_1107","non-rare"
"Cell_1108","non-rare"
"Cell_1109","non-rare"
"Cell_1110","non-rare"
"Cell_1111","non-rare"
"Cell_1112","non-rare"
"Cell_1113","non-rare"
"Cell_1114","non-rare"
"Cell_1115","non-rare"
"Cell_1116","non-rare"
"Cell_1117","non-rare"
"Cell_1118","non-rare"
"Cell_1119","non-rare"
"Cell_1120","non-rare"
"Cell_1121","non-rare"
"Cell_1122","non-rare"
"Cell_1123","non-rare"
"Cell_1124","non-rare"
"Cell_1125","non-rare"
"Cell_1126","non-rare"
"Cell_1127","non-rare"
"Cell_1128","non-rare"
"Cell_1129","non-rare"
"Cell_1130","non-rare"
"Cell_1131","non-rare"
"Cell_1132","non-rare"
"Cell_1133","non-rare"
"Cell_1134","non-rare"
"Cell_1135","non-rare"
"Cell_1136","rare"
"Cell_1137","non-rare"
"Cell_1138","non-rare"
"Cell_1139","non-rare"
"Cell_1140","non-rare"
"Cell_1141","non-rare"
"Cell_1142","non-rare"
"Cell_1143","non-rare"
"Cell_1144","non-rare"
"Cell_1145","non-rare"
"Cell_1146","non-rare"
"Cell_1147","non-rare"
"Cell_1148","non-rare"
"Cell_1149","non-rare"
"Cell_1150","non-rare"
"Cell_1151","non-rare"
"Cell_1152","non-rare"
"Cell_1153","non-rare"
"Cell_1154","non-rare"
"Cell_1155","non-rare"
"Cell_1156","non-rare"
"Cell_1157","non-rare"
"Cell_1158","non-rare"
"Cell_1159","non-rare"
"Cell_1160","non-rare"
"Cell_1161","non-rare"
"Cell_1162","non-rare"
"Cell_1163","non-rare"
"Cell_1164","non-rare"
"Cell_1165","non-rare"
"Cell_1166","non-rare"
"Cell_1167","non-rare"
"Cell_1168","non-rare"
"Cell_1169","non-rare"
"Cell_1170","non-rare"
"Cell_1171","non-rare"
"Cell_1172","non-rare"
"Cell_1173","non-rare"
"Cell_1174","non-rare"
"Cell_1175","non-rare"
"Cell_1176","non-rare"
"Cell_1177","non-rare"
"Cell_1178","non-rare"
"Cell_1179","non-rare"
"Cell_1180","non-rare"
"Cell_1181","non-rare"
"Cell_1182","non-rare"
"Cell_1183","non-rare"
"Cell_1184","non-rare"
"Cell_1185","non-rare"
"Cell_1186","non-rare"
"Cell_1187","non-rare"
"Cell_1188","non-rare"
"Cell_1189","non-rare"
"Cell_1190","non-rare"
"Cell_1191","non-rare"
"Cell_1192","non-rare"
"Cell_1193","non-rare"
"Cell_1194","non-rare"
"Cell_1195","non-rare"
"Cell_1196","non-rare"
"Cell_1197","non-rare"
"Cell_1198","non-rare"
"Cell_1199","non-rare"
"Cell_1200","non-rare"
"Cell_1201","non-rare"
"Cell_1202","non-rare"
"Cell_1203","non-rare"
"Cell_1204","non-rare"
"Cell_1205","non-rare"
"Cell_1206","non-rare"
"Cell_1207","non-rare"
"Cell_1208","non-rare"
"Cell_1209","non-rare"
"Cell_1210","non-rare"
"Cell_1211","non-rare"
"Cell_1212","non-rare"
"Cell_1213","non-rare"
"Cell_1214","non-rare"
"Cell_1215","non-rare"
"Cell_1216","non-rare"
"Cell_1217","non-rare"
"Cell_1218","non-rare"
"Cell_1219","non-rare"
"Cell_1220","non-rare"
"Cell_1221","non-rare"
"Cell_1222","non-rare"
"Cell_1223","non-rare"
"Cell_1224","non-rare"
"Cell_1225","non-rare"
"Cell_1226","non-rare"
"Cell_1227","non-rare"
"Cell_1228","non-rare"
"Cell_1229","non-rare"
"Cell_1230","non-rare"
"Cell_1231","non-rare"
"Cell_1232","non-rare"
"Cell_1233","non-rare"
"Cell_1234","non-rare"
"Cell_1235","non-rare"
"Cell_1236","non-rare"
"Cell_1237","non-rare"
"Cell_1238","non-rare"
"Cell_1239","non-rare"
"Cell_1240","non-rare"
"Cell_1241","non-rare"
"Cell_1242","non-rare"
"Cell_1243","non-rare"
"Cell_1244","non-rare"
"Cell_1245","non-rare"
"Cell_1246","non-rare"
"Cell_1247","non-rare"
"Cell_1248","non-rare"
"Cell_1249","non-rare"
"Cell_1250","non-rare"
"Cell_1251","non-rare"
"Cell_1252","non-rare"
"Cell_1253","non-rare"
"Cell_1254","non-rare"
"Cell_1255","non-rare"
"Cell_1256","non-rare"
"Cell_1257","non-rare"
"Cell_1258","non-rare"
"Cell_1259","non-rare"
"Cell_1260","non-rare"
"Cell_1261","non-rare"
"Cell_1262","non-rare"
"Cell_1263","non-rare"
"Cell_1264","non-rare"
"Cell_1265","non-rare"
"Cell_1266","non-rare"
"Cell_1267","non-rare"
"Cell_1268","non-rare"
"Cell_1269","non-rare"
"Cell_1270","non-rare"
"Cell_1271","non-rare"
"Cell_1272","non-rare"
"Cell_1273","non-rare"
"Cell_1274","non-rare"
"Cell_1275","non-rare"
"Cell_1276","non-rare"
"Cell_1277","non-rare"
"Cell_1278","non-rare"
"Cell_1279","non-rare"
"Cell_1280","non-rare"
"Cell_1281","non-rare"
"Cell_1282","non-rare"
"Cell_1283","non-rare"
"Cell_1284","non-rare"
"Cell_1285","non-rare"
"Cell_1286","non-rare"
"Cell_1287","non-rare"
"Cell_1288","non-rare"
"Cell_1289","non-rare"
"Cell_1290","non-rare"
"Cell_1291","non-rare"
"Cell_1292","non-rare"
"Cell_1293","non-rare"
"Cell_1294","non-rare"
"Cell_1295","rare"
"Cell_1296","non-rare"
"Cell_1297","non-rare"
"Cell_1298","non-rare"
"Cell_1299","non-rare"
"Cell_1300","non-rare"
"Cell_1301","non-rare"
"Cell_1302","non-rare"
"Cell_1303","non-rare"
"Cell_1304","non-rare"
"Cell_1305","non-rare"
"Cell_1306","non-rare"
"Cell_1307","non-rare"
"Cell_1308","non-rare"
"Cell_1309","non-rare"
"Cell_1310","non-rare"
"Cell_1311","non-rare"
"Cell_1312","non-rare"
"Cell_1313","non-rare"
"Cell_1314","non-rare"
"Cell_1315","non-rare"
"Cell_1316","non-rare"
"Cell_1317","non-rare"
"Cell_1318","non-rare"
"Cell_1319","non-rare"
"Cell_1320","non-rare"
"Cell_1321","non-rare"
"Cell_1322","non-rare"
"Cell_1323","non-rare"
"Cell_1324","non-rare"
"Cell_1325","non-rare"
"Cell_1326","non-rare"
"Cell_1327","non-rare"
"Cell_1328","non-rare"
"Cell_1329","non-rare"
"Cell_1330","non-rare"
"Cell_1331","non-rare"
"Cell_1332","non-rare"
"Cell_1333","non-rare"
"Cell_1334","non-rare"
"Cell_1335","non-rare"
"Cell_1336","non-rare"
"Cell_1337","non-rare"
"Cell_1338","non-rare"
"Cell_1339","non-rare"
"Cell_1340","non-rare"
"Cell_1341","non-rare"
"Cell_1342","non-rare"
"Cell_1343","non-rare"
"Cell_1344","non-rare"
"Cell_1345","non-rare"
"Cell_1346","non-rare"
"Cell_1347","non-rare"
"Cell_1348","non-rare"
"Cell_1349","non-rare"
"Cell_1350","non-rare"
"Cell_1351","non-rare"
"Cell_1352","non-rare"
"Cell_1353","non-rare"
"Cell_1354","non-rare"
"Cell_1355","non-rare"
"Cell_1356","non-rare"
"Cell_1357","non-rare"
"Cell_1358","non-rare"
"Cell_1359","non-rare"
"Cell_1360","non-rare"
"Cell_1361","non-rare"
"Cell_1362","non-rare"
"Cell_1363","non-rare"
"Cell_1364","non-rare"
"Cell_1365","non-rare"
"Cell_1366","non-rare"
"Cell_1367","non-rare"
"Cell_1368","non-rare"
"Cell_1369","non-rare"
"Cell_1370","non-rare"
"Cell_1371","non-rare"
"Cell_1372","non-rare"
"Cell_1373","non-rare"
"Cell_1374","non-rare"
"Cell_1375","non-rare"
"Cell_1376","non-rare"
"Cell_1377","non-rare"
"Cell_1378","non-rare"
"Cell_1379","non-rare"
"Cell_1380","non-rare"
"Cell_1381","non-rare"
"Cell_1382","non-rare"
"Cell_1383","non-rare"
"Cell_1384","non-rare"
"Cell_1385","non-rare"
"Cell_1386","non-rare"
"Cell_1387","non-rare"
"Cell_1388","non-rare"
"Cell_1389","non-rare"
"Cell_1390","non-rare"
"Cell_1391","non-rare"
"Cell_1392","non-rare"
"Cell_1393","non-rare"
"Cell_1394","non-rare"
"Cell_1395","non-rare"
"Cell_1396","non-rare"
"Cell_1397","non-rare"
"Cell_1398","non-rare"
"Cell_1399","non-rare"
"Cell_1400","non-rare"
"Cell_1401","non-rare"
"Cell_1402","non-rare"
"Cell_1403","non-rare"
"Cell_1404","non-rare"
"Cell_1405","rare"
"Cell_1406","non-rare"
"Cell_1407","non-rare"
"Cell_1408","non-rare"
"Cell_1409","non-rare"
"Cell_1410","non-rare"
"Cell_1411","non-rare"
"Cell_1412","non-rare"
"Cell_1413","non-rare"
"Cell_1414","non-rare"
"Cell_1415","non-rare"
"Cell_1416","non-rare"
"Cell_1417","non-rare"
"Cell_1418","non-rare"
"Cell_1419","non-rare"
"Cell_1420","non-rare"
"Cell_1421","non-rare"
"Cell_1422","non-rare"
"Cell_1423","non-rare"
"Cell_1424","non-rare"
"Cell_1425","non-rare"
"Cell_1426","non-rare"
"Cell_1427","non-rare"
"Cell_1428","non-rare"
"Cell_1429","non-rare"
"Cell_1430","non-rare"
"Cell_1431","non-rare"
"Cell_1432","non-rare"
"Cell_1433","non-rare"
"Cell_1434","non-rare"
"Cell_1435","non-rare"
"Cell_1436","non-rare"
"Cell_1437","non-rare"
"Cell_1438","non-rare"
"Cell_1439","rare"
"Cell_1440","non-rare"
"Cell_1441","non-rare"
"Cell_1442","non-rare"
"Cell_1443","non-rare"
"Cell_1444","non-rare"
"Cell_1445","non-rare"
"Cell_1446","non-rare"
"Cell_1447","non-rare"
"Cell_1448","non-rare"
"Cell_1449","non-rare"
"Cell_1450","non-rare"
"Cell_1451","non-rare"
"Cell_1452","non-rare"
"Cell_1453","rare"
"Cell_1454","non-rare"
"Cell_1455","non-rare"
"Cell_1456","non-rare"
"Cell_1457","non-rare"
"Cell_1458","non-rare"
"Cell_1459","non-rare"
"Cell_1460","non-rare"
"Cell_1461","non-rare"
"Cell_1462","non-rare"
"Cell_1463","non-rare"
"Cell_1464","non-rare"
"Cell_1465","non-rare"
"Cell_1466","non-rare"
"Cell_1467","non-rare"
"Cell_1468","non-rare"
"Cell_1469","non-rare"
"Cell_1470","non-rare"
"Cell_1471","non-rare"
"Cell_1472","non-rare"
"Cell_1473","non-rare"
"Cell_1474","non-rare"
"Cell_1475","non-rare"
"Cell_1476","non-rare"
"Cell_1477","non-rare"
"Cell_1478","non-rare"
"Cell_1479","non-rare"
"Cell_1480","non-rare"
"Cell_1481","non-rare"
"Cell_1482","non-rare"
"Cell_1483","non-rare"
"Cell_1484","non-rare"
"Cell_1485","non-rare"
"Cell_1486","non-rare"
"Cell_1487","non-rare"
"Cell_1488","non-rare"
"Cell_1489","non-rare"
"Cell_1490","non-rare"
"Cell_1491","non-rare"
"Cell_1492","non-rare"
"Cell_1493","non-rare"
"Cell_1494","non-rare"
"Cell_1495","non-rare"
"Cell_1496","non-rare"
"Cell_1497","non-rare"
"Cell_1498","non-rare"
"Cell_1499","non-rare"
"Cell_1500","non-rare"
"Cell_1501","non-rare"
"Cell_1502","non-rare"
"Cell_1503","non-rare"
"Cell_1504","non-rare"
"Cell_1505","non-rare"
"Cell_1506","non-rare"
"Cell_1507","non-rare"
"Cell_1508","non-rare"
"Cell_1509","rare"
"Cell_1510","non-rare"
"Cell_1511","non-rare"
"Cell_1512","non-rare"
"Cell_1513","non-rare"
"Cell_1514","non-rare"
"Cell_1515","non-rare"
"Cell_1516","non-rare"
"Cell_1517","non-rare"
"Cell_1518","non-rare"
"Cell_1519","non-rare"
"Cell_1520","non-rare"
"Cell_1521","non-rare"
"Cell_1522","non-rare"
"Cell_1523","non-rare"
"Cell_1524","non-rare"
"Cell_1525","non-rare"
"Cell_1526","non-rare"
"Cell_1527","non-rare"
"Cell_1528","non-rare"
"Cell_1529","non-rare"
"Cell_1530","non-rare"
"Cell_1531","non-rare"
"Cell_1532","non-rare"
"Cell_1533","non-rare"
"Cell_1534","non-rare"
"Cell_1535","non-rare"
"Cell_1536","non-rare"
"Cell_1537","non-rare"
"Cell_1538","non-rare"
"Cell_1539","non-rare"
"Cell_1540","non-rare"
"Cell_1541","non-rare"
"Cell_1542","non-rare"
"Cell_1543","non-rare"
"Cell_1544","non-rare"
"Cell_1545","non-rare"
"Cell_1546","non-rare"
"Cell_1547","non-rare"
"Cell_1548","non-rare"
"Cell_1549","non-rare"
"Cell_1550","non-rare"
"Cell_1551","non-rare"
"Cell_1552","non-rare"
"Cell_1553","non-rare"
"Cell_1554","non-rare"
"Cell_1555","non-rare"
"Cell_1556","non-rare"
"Cell_1557","non-rare"
"Cell_1558","non-rare"
"Cell_1559","non-rare"
"Cell_1560","non-rare"
"Cell_1561","non-rare"
"Cell_1562","non-rare"
"Cell_1563","non-rare"
"Cell_1564","non-rare"
"Cell_1565","non-rare"
"Cell_1566","non-rare"
"Cell_1567","non-rare"
"Cell_1568","non-rare"
"Cell_1569","non-rare"
"Cell_1570","non-rare"
"Cell_1571","non-rare"
"Cell_1572","non-rare"
"Cell_1573","non-rare"
"Cell_1574","non-rare"
"Cell_1575","non-rare"
"Cell_1576","non-rare"
"Cell_1577","non-rare"
"Cell_1578","non-rare"
"Cell_1579","non-rare"
"Cell_1580","non-rare"
"Cell_1581","non-rare"
"Cell_1582","non-rare"
"Cell_1583","non-rare"
"Cell_1584","non-rare"
"Cell_1585","non-rare"
"Cell_1586","non-rare"
"Cell_1587","non-rare"
"Cell_1588","non-rare"
"Cell_1589","non-rare"
"Cell_1590","non-rare"
"Cell_1591","non-rare"
"Cell_1592","non-rare"
"Cell_1593","non-rare"
"Cell_1594","non-rare"
"Cell_1595","non-rare"
"Cell_1596","non-rare"
"Cell_1597","non-rare"
"Cell_1598","non-rare"
"Cell_1599","non-rare"
"Cell_1600","non-rare"
"Cell_1601","non-rare"
"Cell_1602","non-rare"
"Cell_1603","non-rare"
"Cell_1604","non-rare"
"Cell_1605","non-rare"
"Cell_1606","non-rare"
"Cell_1607","non-rare"
"Cell_1608","non-rare"
"Cell_1609","non-rare"
"Cell_1610","non-rare"
"Cell_1611","non-rare"
"Cell_1612","non-rare"
"Cell_1613","non-rare"
"Cell_1614","non-rare"
"Cell_1615","non-rare"
"Cell_1616","non-rare"
"Cell_1617","non-rare"
"Cell_1618","non-rare"
"Cell_1619","non-rare"
"Cell_1620","non-rare"
"Cell_1621","non-rare"
"Cell_1622","non-rare"
"Cell_1623","non-rare"
"Cell_1624","non-rare"
"Cell_1625","non-rare"
"Cell_1626","non-rare"
"Cell_1627","non-rare"
"Cell_1628","non-rare"
"Cell_1629","non-rare"
"Cell_1630","non-rare"
"Cell_1631","non-rare"
"Cell_1632","non-rare"
"Cell_1633","non-rare"
"Cell_1634","non-rare"
"Cell_1635","non-rare"
"Cell_1636","non-rare"
"Cell_1637","non-rare"
"Cell_1638","non-rare"
"Cell_1639","non-rare"
"Cell_1640","non-rare"
"Cell_1641","non-rare"
"Cell_1642","non-rare"
"Cell_1643","non-rare"
"Cell_1644","non-rare"
"Cell_1645","non-rare"
"Cell_1646","non-rare"
"Cell_1647","non-rare"
"Cell_1648","non-rare"
"Cell_1649","non-rare"
"Cell_1650","non-rare"
"Cell_1651","non-rare"
"Cell_1652","non-rare"
"Cell_1653","non-rare"
"Cell_1654","non-rare"
"Cell_1655","non-rare"
"Cell_1656","non-rare"
"Cell_1657","non-rare"
"Cell_1658","non-rare"
"Cell_1659","non-rare"
"Cell_1660","non-rare"
"Cell_1661","non-rare"
"Cell_1662","non-rare"
"Cell_1663","non-rare"
"Cell_1664","non-rare"
"Cell_1665","non-rare"
"Cell_1666","non-rare"
"Cell_1667","non-rare"
"Cell_1668","non-rare"
"Cell_1669","non-rare"
"Cell_1670","non-rare"
"Cell_1671","non-rare"
"Cell_1672","non-rare"
"Cell_1673","non-rare"
"Cell_1674","non-rare"
"Cell_1675","non-rare"
"Cell_1676","non-rare"
"Cell_1677","non-rare"
"Cell_1678","non-rare"
"Cell_1679","non-rare"
"Cell_1680","non-rare"
"Cell_1681","non-rare"
"Cell_1682","non-rare"
"Cell_1683","non-rare"
"Cell_1684","non-rare"
"Cell_1685","non-rare"
"Cell_1686","non-rare"
"Cell_1687","non-rare"
"Cell_1688","non-rare"
"Cell_1689","non-rare"
"Cell_1690","non-rare"
"Cell_1691","non-rare"
"Cell_1692","non-rare"
"Cell_1693","non-rare"
"Cell_1694","non-rare"
"Cell_1695","non-rare"
"Cell_1696","non-rare"
"Cell_1697","non-rare"
"Cell_1698","non-rare"
"Cell_1699","non-rare"
"Cell_1700","non-rare"
"Cell_1701","non-rare"
"Cell_1702","non-rare"
"Cell_1703","non-rare"
"Cell_1704","non-rare"
"Cell_1705","non-rare"
"Cell_1706","non-rare"
"Cell_1707","non-rare"
"Cell_1708","non-rare"
"Cell_1709","non-rare"
"Cell_1710","non-rare"
"Cell_1711","non-rare"
"Cell_1712","non-rare"
"Cell_1713","non-rare"
"Cell_1714","non-rare"
"Cell_1715","non-rare"
"Cell_1716","non-rare"
"Cell_1717","non-rare"
"Cell_1718","non-rare"
"Cell_1719","non-rare"
"Cell_1720","non-rare"
"Cell_1721","non-rare"
"Cell_1722","non-rare"
"Cell_1723","non-rare"
"Cell_1724","non-rare"
"Cell_1725","non-rare"
"Cell_1726","non-rare"
"Cell_1727","non-rare"
"Cell_1728","non-rare"
"Cell_1729","non-rare"
"Cell_1730","non-rare"
"Cell_1731","non-rare"
"Cell_1732","non-rare"
"Cell_1733","non-rare"
"Cell_1734","non-rare"
"Cell_1735","non-rare"
"Cell_1736","non-rare"
"Cell_1737","non-rare"
"Cell_1738","non-rare"
"Cell_1739","non-rare"
"Cell_1740","non-rare"
"Cell_1741","non-rare"
"Cell_1742","non-rare"
"Cell_1743","non-rare"
"Cell_1744","non-rare"
"Cell_1745","non-rare"
"Cell_1746","non-rare"
"Cell_1747","non-rare"
"Cell_1748","non-rare"
"Cell_1749","non-rare"
"Cell_1750","rare"
"Cell_1751","non-rare"
"Cell_1752","non-rare"
"Cell_1753","non-rare"
"Cell_1754","non-rare"
"Cell_1755","non-rare"
"Cell_1756","non-rare"
"Cell_1757","non-rare"
"Cell_1758","non-rare"
"Cell_1759","non-rare"
"Cell_1760","non-rare"
"Cell_1761","non-rare"
"Cell_1762","non-rare"
"Cell_1763","non-rare"
"Cell_1764","non-rare"
"Cell_1765","non-rare"
"Cell_1766","non-rare"
"Cell_1767","non-rare"
"Cell_1768","rare"
"Cell_1769","non-rare"
"Cell_1770","non-rare"
"Cell_1771","non-rare"
"Cell_1772","non-rare"
"Cell_1773","non-rare"
"Cell_1774","non-rare"
"Cell_1775","non-rare"
"Cell_1776","non-rare"
"Cell_1777","non-rare"
"Cell_1778","non-rare"
"Cell_1779","non-rare"
"Cell_1780","non-rare"
"Cell_1781","non-rare"
"Cell_1782","non-rare"
"Cell_1783","non-rare"
"Cell_1784","non-rare"
"Cell_1785","non-rare"
"Cell_1786","non-rare"
"Cell_1787","non-rare"
"Cell_1788","non-rare"
"Cell_1789","non-rare"
"Cell_1790","non-rare"
"Cell_1791","non-rare"
"Cell_1792","non-rare"
"Cell_1793","non-rare"
"Cell_1794","non-rare"
"Cell_1795","non-rare"
"Cell_1796","non-rare"
"Cell_1797","non-rare"
"Cell_1798","non-rare"
"Cell_1799","non-rare"
"Cell_1800","non-rare"
"Cell_1801","non-rare"
"Cell_1802","non-rare"
"Cell_1803","non-rare"
"Cell_1804","non-rare"
"Cell_1805","non-rare"
"Cell_1806","non-rare"
"Cell_1807","non-rare"
"Cell_1808","non-rare"
"Cell_1809","non-rare"
"Cell_1810","non-rare"
"Cell_1811","non-rare"
"Cell_1812","non-rare"
"Cell_1813","non-rare"
"Cell_1814","non-rare"
"Cell_1815","non-rare"
"Cell_1816","non-rare"
"Cell_1817","non-rare"
"Cell_1818","non-rare"
"Cell_1819","rare"
"Cell_1820","non-rare"
"Cell_1821","non-rare"
"Cell_1822","non-rare"
"Cell_1823","non-rare"
"Cell_1824","non-rare"
"Cell_1825","non-rare"
"Cell_1826","non-rare"
"Cell_1827","non-rare"
"Cell_1828","non-rare"
"Cell_1829","non-rare"
"Cell_1830","non-rare"
"Cell_1831","non-rare"
"Cell_1832","non-rare"
"Cell_1833","non-rare"
"Cell_1834","non-rare"
"Cell_1835","non-rare"
"Cell_1836","non-rare"
"Cell_1837","non-rare"
"Cell_1838","non-rare"
"Cell_1839","non-rare"
"Cell_1840","non-rare"
"Cell_1841","non-rare"
"Cell_1842","non-rare"
"Cell_1843","non-rare"
"Cell_1844","non-rare"
"Cell_1845","non-rare"
"Cell_1846","non-rare"
"Cell_1847","non-rare"
"Cell_1848","non-rare"
"Cell_1849","non-rare"
"Cell_1850","non-rare"
"Cell_1851","non-rare"
"Cell_1852","non-rare"
"Cell_1853","non-rare"
"Cell_1854","non-rare"
"Cell_1855","non-rare"
"Cell_1856","non-rare"
"Cell_1857","non-rare"
"Cell_1858","non-rare"
"Cell_1859","non-rare"
"Cell_1860","non-rare"
"Cell_1861","non-rare"
"Cell_1862","non-rare"
"Cell_1863","non-rare"
"Cell_1864","non-rare"
"Cell_1865","non-rare"
"Cell_1866","non-rare"
"Cell_1867","non-rare"
"Cell_1868","non-rare"
"Cell_1869","non-rare"
"Cell_1870","non-rare"
"Cell_1871","non-rare"
"Cell_1872","non-rare"
"Cell_1873","non-rare"
"Cell_1874","non-rare"
"Cell_1875","non-rare"
"Cell_1876","non-rare"
"Cell_1877","non-rare"
"Cell_1878","non-rare"
"Cell_1879","non-rare"
"Cell_1880","non-rare"
"Cell_1881","non-rare"
"Cell_1882","non-rare"
"Cell_1883","non-rare"
"Cell_1884","non-rare"
"Cell_1885","non-rare"
"Cell_1886","non-rare"
"Cell_1887","non-rare"
"Cell_1888","non-rare"
"Cell_1889","non-rare"
"Cell_1890","non-rare"
"Cell_1891","non-rare"
"Cell_1892","non-rare"
"Cell_1893","non-rare"
"Cell_1894","non-rare"
"Cell_1895","non-rare"
"Cell_1896","non-rare"
"Cell_1897","non-rare"
"Cell_1898","non-rare"
"Cell_1899","non-rare"
"Cell_1900","non-rare"
"Cell_1901","non-rare"
"Cell_1902","non-rare"
"Cell_1903","non-rare"
"Cell_1904","non-rare"
"Cell_1905","non-rare"
"Cell_1906","non-rare"
"Cell_1907","non-rare"
"Cell_1908","non-rare"
"Cell_1909","non-rare"
"Cell_1910","non-rare"
"Cell_1911","non-rare"
"Cell_1912","non-rare"
"Cell_1913","non-rare"
"Cell_1914","non-rare"
"Cell_1915","non-rare"
"Cell_1916","non-rare"
"Cell_1917","non-rare"
"Cell_1918","non-rare"
"Cell_1919","non-rare"
"Cell_1920","rare"
"Cell_1921","non-rare"
"Cell_1922","non-rare"
"Cell_1923","non-rare"
"Cell_1924","non-rare"
"Cell_1925","non-rare"
"Cell_1926","non-rare"
"Cell_1927","non-rare"
"Cell_1928","non-rare"
"Cell_1929","non-rare"
"Cell_1930","non-rare"
"Cell_1931","non-rare"
"Cell_1932","non-rare"
"Cell_1933","non-rare"
"Cell_1934","non-rare"
"Cell_1935","non-rare"
"Cell_1936","non-rare"
"Cell_1937","non-rare"
"Cell_1938","non-rare"
"Cell_1939","non-rare"
"Cell_1940","non-rare"
"Cell_1941","non-rare"
"Cell_1942","non-rare"
"Cell_1943","non-rare"
"Cell_1944","non-rare"
"Cell_1945","non-rare"
"Cell_1946","non-rare"
"Cell_1947","non-rare"
"Cell_1948","non-rare"
"Cell_1949","non-rare"
"Cell_1950","non-rare"
"Cell_1951","non-rare"
"Cell_1952","non-rare"
"Cell_1953","non-rare"
"Cell_1954","non-rare"
"Cell_1955","non-rare"
"Cell_1956","non-rare"
"Cell_1957","non-rare"
"Cell_1958","rare"
"Cell_1959","non-rare"
"Cell_1960","non-rare"
"Cell_1961","non-rare"
"Cell_1962","non-rare"
"Cell_1963","non-rare"
"Cell_1964","non-rare"
"Cell_1965","non-rare"
"Cell_1966","non-rare"
"Cell_1967","non-rare"
"Cell_1968","non-rare"
"Cell_1969","non-rare"
"Cell_1970","non-rare"
"Cell_1971","non-rare"
"Cell_1972","non-rare"
"Cell_1973","non-rare"
"Cell_1974","non-rare"
"Cell_1975","non-rare"
"Cell_1976","non-rare"
"Cell_1977","non-rare"
"Cell_1978","non-rare"
"Cell_1979","non-rare"
"Cell_1980","non-rare"
"Cell_1981","non-rare"
"Cell_1982","non-rare"
"Cell_1983","non-rare"
"Cell_1984","non-rare"
"Cell_1985","non-rare"
"Cell_1986","non-rare"
"Cell_1987","non-rare"
"Cell_1988","non-rare"
"Cell_1989","non-rare"
"Cell_1990","non-rare"
"Cell_1991","non-rare"
"Cell_1992","non-rare"
"Cell_1993","non-rare"
"Cell_1994","non-rare"
"Cell_1995","non-rare"
"Cell_1996","non-rare"
"Cell_1997","non-rare"
"Cell_1998","non-rare"
"Cell_1999","non-rare"
"Cell_2000","non-rare"
"Cell_2001","non-rare"
"Cell_2002","non-rare"
"Cell_2003","non-rare"
"Cell_2004","non-rare"
"Cell_2005","non-rare"
"Cell_2006","non-rare"
"Cell_2007","non-rare"
"Cell_2008","rare"
"Cell_2009","non-rare"
"Cell_2010","non-rare"
"Cell_2011","non-rare"
"Cell_2012","non-rare"
"Cell_2013","non-rare"
"Cell_2014","non-rare"
"Cell_2015","non-rare"
"Cell_2016","non-rare"
"Cell_2017","non-rare"
"Cell_2018","non-rare"
"Cell_2019","non-rare"
"Cell_2020","non-rare"
"Cell_2021","non-rare"
"Cell_2022","non-rare"
"Cell_2023","non-rare"
"Cell_2024","non-rare"
"Cell_2025","non-rare"
"Cell_2026","non-rare"
"Cell_2027","non-rare"
"Cell_2028","non-rare"
"Cell_2029","non-rare"
"Cell_2030","non-rare"
"Cell_2031","non-rare"
"Cell_2032","non-rare"
"Cell_2033","non-rare"
"Cell_2034","non-rare"
"Cell_2035","non-rare"
"Cell_2036","non-rare"
"Cell_2037","non-rare"
"Cell_2038","non-rare"
"Cell_2039","non-rare"
"Cell_2040","non-rare"
"Cell_2041","non-rare"
"Cell_2042","non-rare"
"Cell_2043","non-rare"
"Cell_2044","non-rare"
"Cell_2045","non-rare"
"Cell_2046","non-rare"
"Cell_2047","non-rare"
"Cell_2048","non-rare"
"Cell_2049","non-rare"
"Cell_2050","non-rare"
"Cell_2051","non-rare"
"Cell_2052","non-rare"
"Cell_2053","non-rare"
"Cell_2054","non-rare"
"Cell_2055","non-rare"
"Cell_2056","non-rare"
"Cell_2057","non-rare"
"Cell_2058","non-rare"
"Cell_2059","non-rare"
"Cell_2060","non-rare"
"Cell_2061","non-rare"
"Cell_2062","non-rare"
"Cell_2063","non-rare"
"Cell_2064","non-rare"
"Cell_2065","non-rare"
"Cell_2066","non-rare"
"Cell_2067","non-rare"
"Cell_2068","non-rare"
"Cell_2069","non-rare"
"Cell_2070","non-rare"
"Cell_2071","non-rare"
"Cell_2072","non-rare"
"Cell_2073","non-rare"
"Cell_2074","non-rare"
"Cell_2075","non-rare"
"Cell_2076","non-rare"
"Cell_2077","non-rare"
"Cell_2078","non-rare"
"Cell_2079","non-rare"
"Cell_2080","non-rare"
"Cell_2081","non-rare"
"Cell_2082","non-rare"
"Cell_2083","non-rare"
"Cell_2084","non-rare"
"Cell_2085","non-rare"
"Cell_2086","non-rare"
"Cell_2087","non-rare"
"Cell_2088","non-rare"
"Cell_2089","non-rare"
"Cell_2090","non-rare"
"Cell_2091","non-rare"
"Cell_2092","non-rare"
"Cell_2093","non-rare"
"Cell_2094","non-rare"
"Cell_2095","non-rare"
"Cell_2096","non-rare"
"Cell_2097","non-rare"
"Cell_2098","non-rare"
"Cell_2099","non-rare"
"Cell_2100","non-rare"
"Cell_2101","non-rare"
"Cell_2102","non-rare"
"Cell_2103","non-rare"
"Cell_2104","non-rare"
"Cell_2105","non-rare"
"Cell_2106","non-rare"
"Cell_2107","non-rare"
"Cell_2108","non-rare"
"Cell_2109","non-rare"
"Cell_2110","non-rare"
"Cell_2111","non-rare"
"Cell_2112","non-rare"
"Cell_2113","non-rare"
"Cell_2114","non-rare"
"Cell_2115","non-rare"
"Cell_2116","non-rare"
"Cell_2117","non-rare"
"Cell_2118","non-rare"
"Cell_2119","non-rare"
"Cell_2120","non-rare"
"Cell_2121","non-rare"
"Cell_2122","non-rare"
"Cell_2123","non-rare"
"Cell_2124","non-rare"
"Cell_2125","non-rare"
"Cell_2126","non-rare"
"Cell_2127","non-rare"
"Cell_2128","non-rare"
"Cell_2129","non-rare"
"Cell_2130","non-rare"
"Cell_2131","non-rare"
"Cell_2132","non-rare"
"Cell_2133","non-rare"
"Cell_2134","non-rare"
"Cell_2135","non-rare"
"Cell_2136","non-rare"
"Cell_2137","non-rare"
"Cell_2138","non-rare"
"Cell_2139","non-rare"
"Cell_2140","non-rare"
"Cell_2141","rare"
"Cell_2142","non-rare"
"Cell_2143","non-rare"
"Cell_2144","non-rare"
"Cell_2145","non-rare"
"Cell_2146","non-rare"
"Cell_2147","non-rare"
"Cell_2148","non-rare"
"Cell_2149","non-rare"
"Cell_2150","non-rare"
"Cell_2151","non-rare"
"Cell_2152","non-rare"
"Cell_2153","non-rare"
"Cell_2154","non-rare"
"Cell_2155","non-rare"
"Cell_2156","non-rare"
"Cell_2157","non-rare"
"Cell_2158","non-rare"
"Cell_2159","non-rare"
"Cell_2160","non-rare"
"Cell_2161","non-rare"
"Cell_2162","non-rare"
"Cell_2163","non-rare"
"Cell_2164","non-rare"
"Cell_2165","non-rare"
"Cell_2166","non-rare"
"Cell_2167","non-rare"
"Cell_2168","non-rare"
"Cell_2169","non-rare"
"Cell_2170","non-rare"
"Cell_2171","non-rare"
"Cell_2172","non-rare"
"Cell_2173","non-rare"
"Cell_2174","non-rare"
"Cell_2175","non-rare"
"Cell_2176","non-rare"
"Cell_2177","non-rare"
"Cell_2178","non-rare"
"Cell_2179","non-rare"
"Cell_2180","non-rare"
"Cell_2181","non-rare"
"Cell_2182","non-rare"
"Cell_2183","non-rare"
"Cell_2184","non-rare"
"Cell_2185","non-rare"
"Cell_2186","non-rare"
"Cell_2187","non-rare"
"Cell_2188","non-rare"
"Cell_2189","non-rare"
"Cell_2190","non-rare"
"Cell_2191","non-rare"
"Cell_2192","non-rare"
"Cell_2193","non-rare"
"Cell_2194","non-rare"
"Cell_2195","non-rare"
"Cell_2196","non-rare"
"Cell_2197","non-rare"
"Cell_2198","non-rare"
"Cell_2199","non-rare"
"Cell_2200","non-rare"
"Cell_2201","non-rare"
"Cell_2202","non-rare"
"Cell_2203","non-rare"
"Cell_2204","non-rare"
"Cell_2205","non-rare"
"Cell_2206","non-rare"
"Cell_2207","non-rare"
"Cell_2208","non-rare"
"Cell_2209","non-rare"
"Cell_2210","non-rare"
"Cell_2211","non-rare"
"Cell_2212","non-rare"
"Cell_2213","non-rare"
"Cell_2214","non-rare"
"Cell_2215","non-rare"
"Cell_2216","non-rare"
"Cell_2217","non-rare"
"Cell_2218","non-rare"
"Cell_2219","non-rare"
"Cell_2220","non-rare"
"Cell_2221","non-rare"
"Cell_2222","non-rare"
"Cell_2223","non-rare"
"Cell_2224","non-rare"
"Cell_2225","non-rare"
"Cell_2226","non-rare"
"Cell_2227","non-rare"
"Cell_2228","non-rare"
"Cell_2229","non-rare"
"Cell_2230","non-rare"
"Cell_2231","non-rare"
"Cell_2232","non-rare"
"Cell_2233","non-rare"
"Cell_2234","non-rare"
"Cell_2235","non-rare"
"Cell_2236","non-rare"
"Cell_2237","non-rare"
"Cell_2238","non-rare"
"Cell_2239","non-rare"
"Cell_2240","non-rare"
"Cell_2241","non-rare"
"Cell_2242","non-rare"
"Cell_2243","non-rare"
"Cell_2244","non-rare"
"Cell_2245","non-rare"
"Cell_2246","non-rare"
"Cell_2247","non-rare"
"Cell_2248","non-rare"
"Cell_2249","non-rare"
"Cell_2250","non-rare"
"Cell_2251","non-rare"
"Cell_2252","non-rare"
"Cell_2253","non-rare"
"Cell_2254","non-rare"
"Cell_2255","non-rare"
"Cell_2256","non-rare"
"Cell_2257","non-rare"
"Cell_2258","non-rare"
"Cell_2259","non-rare"
"Cell_2260","non-rare"
"Cell_2261","non-rare"
"Cell_2262","non-rare"
"Cell_2263","non-rare"
"Cell_2264","non-rare"
"Cell_2265","non-rare"
"Cell_2266","non-rare"
"Cell_2267","non-rare"
"Cell_2268","non-rare"
"Cell_2269","non-rare"
"Cell_2270","non-rare"
"Cell_2271","non-rare"
"Cell_2272","non-rare"
"Cell_2273","non-rare"
"Cell_2274","non-rare"
"Cell_2275","non-rare"
"Cell_2276","non-rare"
"Cell_2277","non-rare"
"Cell_2278","non-rare"
"Cell_2279","non-rare"
"Cell_2280","non-rare"
"Cell_2281","non-rare"
"Cell_2282","non-rare"
"Cell_2283","non-rare"
"Cell_2284","non-rare"
"Cell_2285","non-rare"
"Cell_2286","non-rare"
"Cell_2287","non-rare"
"Cell_2288","non-rare"
"Cell_2289","non-rare"
"Cell_2290","non-rare"
"Cell_2291","non-rare"
"Cell_2292","non-rare"
"Cell_2293","non-rare"
"Cell_2294","non-rare"
"Cell_2295","non-rare"
"Cell_2296","non-rare"
"Cell_2297","non-rare"
"Cell_2298","non-rare"
"Cell_2299","non-rare"
"Cell_2300","non-rare"
"Cell_2301","non-rare"
"Cell_2302","non-rare"
"Cell_2303","non-rare"
"Cell_2304","non-rare"
"Cell_2305","non-rare"
"Cell_2306","non-rare"
"Cell_2307","non-rare"
"Cell_2308","non-rare"
"Cell_2309","non-rare"
"Cell_2310","non-rare"
"Cell_2311","non-rare"
"Cell_2312","non-rare"
"Cell_2313","non-rare"
"Cell_2314","non-rare"
"Cell_2315","non-rare"
"Cell_2316","non-rare"
"Cell_2317","non-rare"
"Cell_2318","non-rare"
"Cell_2319","non-rare"
"Cell_2320","non-rare"
"Cell_2321","non-rare"
"Cell_2322","non-rare"
"Cell_2323","non-rare"
"Cell_2324","non-rare"
"Cell_2325","non-rare"
"Cell_2326","non-rare"
"Cell_2327","non-rare"
"Cell_2328","non-rare"
"Cell_2329","non-rare"
"Cell_2330","non-rare"
"Cell_2331","non-rare"
"Cell_2332","non-rare"
"Cell_2333","non-rare"
"Cell_2334","non-rare"
"Cell_2335","non-rare"
"Cell_2336","non-rare"
"Cell_2337","non-rare"
"Cell_2338","non-rare"
"Cell_2339","non-rare"
"Cell_2340","non-rare"
"Cell_2341","non-rare"
"Cell_2342","non-rare"
"Cell_2343","rare"
"Cell_2344","non-rare"
"Cell_2345","non-rare"
"Cell_2346","non-rare"
"Cell_2347","non-rare"
"Cell_2348","non-rare"
"Cell_2349","non-rare"
"Cell_2350","non-rare"
"Cell_2351","non-rare"
"Cell_2352","non-rare"
"Cell_2353","non-rare"
"Cell_2354","non-rare"
"Cell_2355","non-rare"
"Cell_2356","non-rare"
"Cell_2357","non-rare"
"Cell_2358","non-rare"
"Cell_2359","non-rare"
"Cell_2360","non-rare"
"Cell_2361","non-rare"
"Cell_2362","non-rare"
"Cell_2363","non-rare"
"Cell_2364","non-rare"
"Cell_2365","non-rare"
"Cell_2366","non-rare"
"Cell_2367","non-rare"
"Cell_2368","non-rare"
"Cell_2369","non-rare"
"Cell_2370","non-rare"
"Cell_2371","non-rare"
"Cell_2372","non-rare"
"Cell_2373","non-rare"
"Cell_2374","non-rare"
"Cell_2375","non-rare"
"Cell_2376","non-rare"
"Cell_2377","non-rare"
"Cell_2378","non-rare"
"Cell_2379","non-rare"
"Cell_2380","non-rare"
"Cell_2381","non-rare"
"Cell_2382","non-rare"
"Cell_2383","non-rare"
"Cell_2384","non-rare"
"Cell_2385","non-rare"
"Cell_2386","non-rare"
"Cell_2387","non-rare"
"Cell_2388","non-rare"
"Cell_2389","non-rare"
"Cell_2390","non-rare"
"Cell_2391","non-rare"
"Cell_2392","non-rare"
"Cell_2393","non-rare"
"Cell_2394","non-rare"
"Cell_2395","non-rare"
"Cell_2396","non-rare"
"Cell_2397","non-rare"
"Cell_2398","non-rare"
"Cell_2399","non-rare"
"Cell_2400","non-rare"
"Cell_2401","non-rare"
"Cell_2402","non-rare"
"Cell_2403","non-rare"
"Cell_2404","non-rare"
"Cell_2405","non-rare"
"Cell_2406","non-rare"
"Cell_2407","non-rare"
"Cell_2408","non-rare"
"Cell_2409","non-rare"
"Cell_2410","non-rare"
"Cell_2411","non-rare"
"Cell_2412","non-rare"
"Cell_2413","non-rare"
"Cell_2414","non-rare"
"Cell_2415","non-rare"
"Cell_2416","non-rare"
"Cell_2417","non-rare"
"Cell_2418","non-rare"
"Cell_2419","non-rare"
"Cell_2420","non-rare"
"Cell_2421","non-rare"
"Cell_2422","non-rare"
"Cell_2423","non-rare"
"Cell_2424","non-rare"
"Cell_2425","non-rare"
"Cell_2426","non-rare"
"Cell_2427","non-rare"
"Cell_2428","non-rare"
"Cell_2429","non-rare"
"Cell_2430","non-rare"
"Cell_2431","non-rare"
"Cell_2432","non-rare"
"Cell_2433","non-rare"
"Cell_2434","non-rare"
"Cell_2435","non-rare"
"Cell_2436","non-rare"
"Cell_2437","non-rare"
"Cell_2438","non-rare"
"Cell_2439","non-rare"
"Cell_2440","non-rare"
"Cell_2441","non-rare"
"Cell_2442","rare"
"Cell_2443","non-rare"
"Cell_2444","non-rare"
"Cell_2445","non-rare"
"Cell_2446","non-rare"
"Cell_2447","non-rare"
"Cell_2448","non-rare"
"Cell_2449","non-rare"
"Cell_2450","non-rare"
"Cell_2451","non-rare"
"Cell_2452","non-rare"
"Cell_2453","non-rare"
"Cell_2454","non-rare"
"Cell_2455","non-rare"
"Cell_2456","non-rare"
"Cell_2457","non-rare"
"Cell_2458","non-rare"
"Cell_2459","non-rare"
"Cell_2460","non-rare"
"Cell_2461","non-rare"
"Cell_2462","non-rare"
"Cell_2463","non-rare"
"Cell_2464","non-rare"
"Cell_2465","non-rare"
"Cell_2466","non-rare"
"Cell_2467","non-rare"
"Cell_2468","non-rare"
"Cell_2469","non-rare"
"Cell_2470","non-rare"
"Cell_2471","non-rare"
"Cell_2472","non-rare"
"Cell_2473","non-rare"
"Cell_2474","non-rare"
"Cell_2475","non-rare"
"Cell_2476","non-rare"
"Cell_2477","non-rare"
"Cell_2478","non-rare"
"Cell_2479","non-rare"
"Cell_2480","non-rare"
"Cell_2481","non-rare"
"Cell_2482","non-rare"
"Cell_2483","non-rare"
"Cell_2484","non-rare"
"Cell_2485","non-rare"
"Cell_2486","non-rare"
"Cell_2487","non-rare"
"Cell_2488","non-rare"
"Cell_2489","non-rare"
"Cell_2490","non-rare"
"Cell_2491","non-rare"
"Cell_2492","non-rare"
"Cell_2493","non-rare"
"Cell_2494","non-rare"
"Cell_2495","non-rare"
"Cell_2496","non-rare"
"Cell_2497","non-rare"
"Cell_2498","non-rare"
"Cell_2499","non-rare"
"Cell_2500","non-rare"
"Cell_2501","non-rare"
"Cell_2502","non-rare"
"Cell_2503","non-rare"
"Cell_2504","rare"
"Cell_2505","non-rare"
"Cell_2506","non-rare"
"Cell_2507","non-rare"
"Cell_2508","non-rare"
"Cell_2509","non-rare"
"Cell_2510","non-rare"
"Cell_2511","non-rare"
"Cell_2512","non-rare"
"Cell_2513","non-rare"
"Cell_2514","non-rare"
"Cell_2515","non-rare"
"Cell_2516","non-rare"
"Cell_2517","non-rare"
"Cell_2518","non-rare"
"Cell_2519","non-rare"
"Cell_2520","non-rare"
"Cell_2521","non-rare"
"Cell_2522","non-rare"
"Cell_2523","non-rare"
"Cell_2524","non-rare"
"Cell_2525","non-rare"
"Cell_2526","non-rare"
"Cell_2527","non-rare"
"Cell_2528","non-rare"
"Cell_2529","non-rare"
"Cell_2530","non-rare"
"Cell_2531","non-rare"
"Cell_2532","non-rare"
"Cell_2533","non-rare"
"Cell_2534","non-rare"
"Cell_2535","non-rare"
"Cell_2536","non-rare"
"Cell_2537","non-rare"
"Cell_2538","non-rare"
"Cell_2539","non-rare"
"Cell_2540","non-rare"
"Cell_2541","non-rare"
"Cell_2542","non-rare"
"Cell_2543","non-rare"
"Cell_2544","non-rare"
"Cell_2545","non-rare"
"Cell_2546","non-rare"
"Cell_2547","non-rare"
"Cell_2548","non-rare"
"Cell_2549","non-rare"
"Cell_2550","non-rare"
"Cell_2551","non-rare"
"Cell_2552","non-rare"
"Cell_2553","non-rare"
"Cell_2554","non-rare"
"Cell_2555","non-rare"
"Cell_2556","non-rare"
"Cell_2557","non-rare"
"Cell_2558","non-rare"
"Cell_2559","non-rare"
"Cell_2560","non-rare"
"Cell_2561","non-rare"
"Cell_2562","non-rare"
"Cell_2563","non-rare"
"Cell_2564","non-rare"
"Cell_2565","non-rare"
"Cell_2566","non-rare"
"Cell_2567","non-rare"
"Cell_2568","non-rare"
"Cell_2569","non-rare"
"Cell_2570","non-rare"
"Cell_2571","non-rare"
"Cell_2572","non-rare"
"Cell_2573","non-rare"
"Cell_2574","non-rare"
"Cell_2575","non-rare"
"Cell_2576","non-rare"
"Cell_2577","non-rare"
"Cell_2578","non-rare"
"Cell_2579","non-rare"
"Cell_2580","non-rare"
"Cell_2581","non-rare"
"Cell_2582","non-rare"
"Cell_2583","non-rare"
"Cell_2584","non-rare"
"Cell_2585","non-rare"
"Cell_2586","non-rare"
"Cell_2587","non-rare"
"Cell_2588","non-rare"
"Cell_2589","rare"
"Cell_2590","non-rare"
"Cell_2591","non-rare"
"Cell_2592","non-rare"
"Cell_2593","non-rare"
"Cell_2594","non-rare"
"Cell_2595","non-rare"
"Cell_2596","non-rare"
"Cell_2597","non-rare"
"Cell_2598","non-rare"
"Cell_2599","non-rare"
"Cell_2600","non-rare"
"Cell_2601","non-rare"
"Cell_2602","non-rare"
"Cell_2603","non-rare"
"Cell_2604","non-rare"
"Cell_2605","non-rare"
"Cell_2606","non-rare"
"Cell_2607","non-rare"
"Cell_2608","non-rare"
"Cell_2609","non-rare"
"Cell_2610","non-rare"
"Cell_2611","non-rare"
"Cell_2612","non-rare"
"Cell_2613","non-rare"
"Cell_2614","non-rare"
"Cell_2615","non-rare"
"Cell_2616","non-rare"
"Cell_2617","non-rare"
"Cell_2618","non-rare"
"Cell_2619","non-rare"
"Cell_2620","non-rare"
"Cell_2621","non-rare"
"Cell_2622","non-rare"
"Cell_2623","non-rare"
"Cell_2624","non-rare"
"Cell_2625","non-rare"
"Cell_2626","non-rare"
"Cell_2627","non-rare"
"Cell_2628","non-rare"
"Cell_2629","non-rare"
"Cell_2630","non-rare"
"Cell_2631","non-rare"
"Cell_2632","non-rare"
"Cell_2633","non-rare"
"Cell_2634","non-rare"
"Cell_2635","non-rare"
"Cell_2636","rare"
"Cell_2637","non-rare"
"Cell_2638","non-rare"
"Cell_2639","non-rare"
"Cell_2640","non-rare"
"Cell_2641","non-rare"
"Cell_2642","non-rare"
"Cell_2643","non-rare"
"Cell_2644","non-rare"
"Cell_2645","non-rare"
"Cell_2646","non-rare"
"Cell_2647","non-rare"
"Cell_2648","non-rare"
"Cell_2649","non-rare"
"Cell_2650","non-rare"
"Cell_2651","non-rare"
"Cell_2652","non-rare"
"Cell_2653","non-rare"
"Cell_2654","non-rare"
"Cell_2655","non-rare"
"Cell_2656","non-rare"
"Cell_2657","non-rare"
"Cell_2658","non-rare"
"Cell_2659","non-rare"
"Cell_2660","non-rare"
"Cell_2661","non-rare"
"Cell_2662","non-rare"
"Cell_2663","non-rare"
"Cell_2664","non-rare"
"Cell_2665","non-rare"
"Cell_2666","non-rare"
"Cell_2667","non-rare"
"Cell_2668","non-rare"
"Cell_2669","non-rare"
"Cell_2670","non-rare"
"Cell_2671","non-rare"
"Cell_2672","non-rare"
"Cell_2673","non-rare"
"Cell_2674","non-rare"
"Cell_2675","non-rare"
"Cell_2676","non-rare"
"Cell_2677","non-rare"
"Cell_2678","non-rare"
"Cell_2679","non-rare"
"Cell_2680","non-rare"
"Cell_2681","non-rare"
"Cell_2682","rare"
"Cell_2683","non-rare"
"Cell_2684","non-rare"
"Cell_2685","non-rare"
"Cell_2686","non-rare"
"Cell_2687","non-rare"
"Cell_2688","non-rare"
"Cell_2689","non-rare"
"Cell_2690","non-rare"
"Cell_2691","non-rare"
"Cell_2692","non-rare"
"Cell_2693","non-rare"
"Cell_2694","non-rare"
"Cell_2695","non-rare"
"Cell_2696","non-rare"
"Cell_2697","non-rare"
"Cell_2698","non-rare"
"Cell_2699","non-rare"
"Cell_2700","non-rare"
"Cell_2701","non-rare"
"Cell_2702","non-rare"
"Cell_2703","non-rare"
"Cell_2704","non-rare"
"Cell_2705","non-rare"
"Cell_2706","non-rare"
"Cell_2707","non-rare"
"Cell_2708","non-rare"
"Cell_2709","non-rare"
"Cell_2710","non-rare"
"Cell_2711","non-rare"
"Cell_2712","non-rare"
"Cell_2713","rare"
"Cell_2714","non-rare"
"Cell_2715","non-rare"
"Cell_2716","non-rare"
"Cell_2717","non-rare"
"Cell_2718","non-rare"
"Cell_2719","non-rare"
"Cell_2720","non-rare"
"Cell_2721","non-rare"
"Cell_2722","non-rare"
"Cell_2723","non-rare"
"Cell_2724","non-rare"
"Cell_2725","rare"
"Cell_2726","non-rare"
"Cell_2727","non-rare"
"Cell_2728","non-rare"
"Cell_2729","non-rare"
"Cell_2730","non-rare"
"Cell_2731","non-rare"
"Cell_2732","non-rare"
"Cell_2733","non-rare"
"Cell_2734","non-rare"
"Cell_2735","non-rare"
"Cell_2736","non-rare"
"Cell_2737","non-rare"
"Cell_2738","non-rare"
"Cell_2739","non-rare"
"Cell_2740","non-rare"
"Cell_2741","non-rare"
"Cell_2742","non-rare"
"Cell_2743","non-rare"
"Cell_2744","non-rare"
"Cell_2745","non-rare"
"Cell_2746","non-rare"
"Cell_2747","non-rare"
"Cell_2748","non-rare"
"Cell_2749","non-rare"
"Cell_2750","non-rare"
"Cell_2751","non-rare"
"Cell_2752","non-rare"
"Cell_2753","non-rare"
"Cell_2754","non-rare"
"Cell_2755","non-rare"
"Cell_2756","non-rare"
"Cell_2757","non-rare"
"Cell_2758","non-rare"
"Cell_2759","non-rare"
"Cell_2760","non-rare"
"Cell_2761","non-rare"
"Cell_2762","non-rare"
"Cell_2763","non-rare"
"Cell_2764","non-rare"
"Cell_2765","non-rare"
"Cell_2766","non-rare"
"Cell_2767","non-rare"
"Cell_2768","non-rare"
"Cell_2769","non-rare"
"Cell_2770","non-rare"
"Cell_2771","non-rare"
"Cell_2772","non-rare"
"Cell_2773","non-rare"
"Cell_2774","non-rare"
"Cell_2775","non-rare"
"Cell_2776","non-rare"
"Cell_2777","non-rare"
"Cell_2778","non-rare"
"Cell_2779","non-rare"
"Cell_2780","non-rare"
"Cell_2781","non-rare"
"Cell_2782","non-rare"
"Cell_2783","non-rare"
"Cell_2784","non-rare"
"Cell_2785","non-rare"
"Cell_2786","non-rare"
"Cell_2787","non-rare"
"Cell_2788","non-rare"
"Cell_2789","non-rare"
"Cell_2790","non-rare"
"Cell_2791","non-rare"
"Cell_2792","non-rare"
"Cell_2793","non-rare"
"Cell_2794","non-rare"
"Cell_2795","non-rare"
"Cell_2796","non-rare"
"Cell_2797","non-rare"
"Cell_2798","non-rare"
"Cell_2799","non-rare"
"Cell_2800","non-rare"
"Cell_2801","non-rare"
"Cell_2802","non-rare"
"Cell_2803","non-rare"
"Cell_2804","non-rare"
"Cell_2805","non-rare"
"Cell_2806","non-rare"
"Cell_2807","non-rare"
"Cell_2808","non-rare"
"Cell_2809","non-rare"
"Cell_2810","non-rare"
"Cell_2811","non-rare"
"Cell_2812","non-rare"
"Cell_2813","non-rare"
"Cell_2814","non-rare"
"Cell_2815","non-rare"
"Cell_2816","non-rare"
"Cell_2817","non-rare"
"Cell_2818","non-rare"
"Cell_2819","non-rare"
"Cell_2820","non-rare"
"Cell_2821","non-rare"
"Cell_2822","non-rare"
"Cell_2823","non-rare"
"Cell_2824","non-rare"
"Cell_2825","non-rare"
"Cell_2826","non-rare"
"Cell_2827","non-rare"
"Cell_2828","non-rare"
"Cell_2829","non-rare"
"Cell_2830","non-rare"
"Cell_2831","non-rare"
"Cell_2832","non-rare"
"Cell_2833","non-rare"
"Cell_2834","non-rare"
"Cell_2835","non-rare"
"Cell_2836","non-rare"
"Cell_2837","non-rare"
"Cell_2838","non-rare"
"Cell_2839","non-rare"
"Cell_2840","non-rare"
"Cell_2841","non-rare"
"Cell_2842","non-rare"
"Cell_2843","non-rare"
"Cell_2844","non-rare"
"Cell_2845","non-rare"
"Cell_2846","non-rare"
"Cell_2847","non-rare"
"Cell_2848","non-rare"
"Cell_2849","non-rare"
"Cell_2850","non-rare"
"Cell_2851","non-rare"
"Cell_2852","non-rare"
"Cell_2853","non-rare"
"Cell_2854","non-rare"
"Cell_2855","non-rare"
"Cell_2856","non-rare"
"Cell_2857","non-rare"
"Cell_2858","non-rare"
"Cell_2859","non-rare"
"Cell_2860","non-rare"
"Cell_2861","non-rare"
"Cell_2862","non-rare"
"Cell_2863","non-rare"
"Cell_2864","non-rare"
"Cell_2865","non-rare"
"Cell_2866","non-rare"
"Cell_2867","non-rare"
"Cell_2868","non-rare"
"Cell_2869","non-rare"
"Cell_2870","non-rare"
"Cell_2871","non-rare"
"Cell_2872","non-rare"
"Cell_2873","non-rare"
"Cell_2874","non-rare"
"Cell_2875","non-rare"
"Cell_2876","non-rare"
"Cell_2877","non-rare"
"Cell_2878","non-rare"
"Cell_2879","non-rare"
"Cell_2880","non-rare"
"Cell_2881","non-rare"
"Cell_2882","non-rare"
"Cell_2883","non-rare"
"Cell_2884","non-rare"
"Cell_2885","non-rare"
"Cell_2886","non-rare"
"Cell_2887","non-rare"
"Cell_2888","non-rare"
"Cell_2889","non-rare"
"Cell_2890","non-rare"
"Cell_2891","non-rare"
"Cell_2892","non-rare"
"Cell_2893","non-rare"
"Cell_2894","non-rare"
"Cell_2895","non-rare"
"Cell_2896","non-rare"
"Cell_2897","non-rare"
"Cell_2898","non-rare"
"Cell_2899","non-rare"
"Cell_2900","non-rare"
"Cell_2901","non-rare"
"Cell_2902","non-rare"
"Cell_2903","non-rare"
"Cell_2904","non-rare"
"Cell_2905","non-rare"
"Cell_2906","non-rare"
"Cell_2907","non-rare"
"Cell_2908","non-rare"
"Cell_2909","non-rare"
"Cell_2910","non-rare"
"Cell_2911","non-rare"
"Cell_2912","non-rare"
"Cell_2913","non-rare"
"Cell_2914","non-rare"
"Cell_2915","non-rare"
"Cell_2916","non-rare"
"Cell_2917","non-rare"
"Cell_2918","non-rare"
"Cell_2919","non-rare"
"Cell_2920","non-rare"
"Cell_2921","non-rare"
"Cell_2922","non-rare"
"Cell_2923","non-rare"
"Cell_2924","non-rare"
"Cell_2925","non-rare"
"Cell_2926","non-rare"
"Cell_2927","non-rare"
"Cell_2928","non-rare"
"Cell_2929","non-rare"
"Cell_2930","non-rare"
"Cell_2931","non-rare"
"Cell_2932","non-rare"
"Cell_2933","non-rare"
"Cell_2934","non-rare"
"Cell_2935","non-rare"
"Cell_2936","non-rare"
"Cell_2937","non-rare"
"Cell_2938","non-rare"
"Cell_2939","non-rare"
"Cell_2940","non-rare"
"Cell_2941","non-rare"
"Cell_2942","non-rare"
"Cell_2943","non-rare"
"Cell_2944","non-rare"
"Cell_2945","non-rare"
"Cell_2946","non-rare"
"Cell_2947","non-rare"
"Cell_2948","non-rare"
"Cell_2949","non-rare"
"Cell_2950","non-rare"
"Cell_2951","non-rare"
"Cell_2952","non-rare"
"Cell_2953","non-rare"
"Cell_2954","non-rare"
"Cell_2955","non-rare"
"Cell_2956","non-rare"
"Cell_2957","non-rare"
"Cell_2958","non-rare"
"Cell_2959","non-rare"
"Cell_2960","non-rare"
"Cell_2961","non-rare"
"Cell_2962","non-rare"
"Cell_2963","non-rare"
"Cell_2964","non-rare"
"Cell_2965","non-rare"
"Cell_2966","non-rare"
"Cell_2967","non-rare"
"Cell_2968","non-rare"
"Cell_2969","non-rare"
"Cell_2970","non-rare"
"Cell_2971","non-rare"
"Cell_2972","non-rare"
"Cell_2973","non-rare"
"Cell_2974","non-rare"
"Cell_2975","non-rare"
"Cell_2976","non-rare"
"Cell_2977","non-rare"
"Cell_2978","non-rare"
"Cell_2979","non-rare"
"Cell_2980","non-rare"
"Cell_2981","non-rare"
"Cell_2982","non-rare"
"Cell_2983","non-rare"
"Cell_2984","non-rare"
"Cell_2985","non-rare"
"Cell_2986","non-rare"
"Cell_2987","non-rare"
"Cell_2988","non-rare"
"Cell_2989","non-rare"
"Cell_2990","non-rare"
"Cell_2991","non-rare"
"Cell_2992","non-rare"
"Cell_2993","non-rare"
"Cell_2994","non-rare"
"Cell_2995","non-rare"
"Cell_2996","non-rare"
"Cell_2997","non-rare"
"Cell_2998","non-rare"
"Cell_2999","non-rare"
"Cell_3000","non-rare"
"Cell_3001","non-rare"
"Cell_3002","non-rare"
"Cell_3003","non-rare"
"Cell_3004","non-rare"
"Cell_3005","non-rare"
"Cell_3006","non-rare"
"Cell_3007","non-rare"
"Cell_3008","non-rare"
"Cell_3009","non-rare"
"Cell_3010","non-rare"
"Cell_3011","non-rare"
"Cell_3012","non-rare"
"Cell_3013","non-rare"
"Cell_3014","non-rare"
"Cell_3015","non-rare"
"Cell_3016","non-rare"
"Cell_3017","non-rare"
"Cell_3018","non-rare"
"Cell_3019","non-rare"
"Cell_3020","non-rare"
"Cell_3021","non-rare"
"Cell_3022","non-rare"
"Cell_3023","non-rare"
"Cell_3024","non-rare"
"Cell_3025","non-rare"
"Cell_3026","non-rare"
"Cell_3027","non-rare"
"Cell_3028","non-rare"
"Cell_3029","non-rare"
"Cell_3030","non-rare"
"Cell_3031","non-rare"
"Cell_3032","non-rare"
"Cell_3033","non-rare"
"Cell_3034","non-rare"
"Cell_3035","non-rare"
"Cell_3036","non-rare"
"Cell_3037","non-rare"
"Cell_3038","non-rare"
"Cell_3039","non-rare"
"Cell_3040","non-rare"
"Cell_3041","non-rare"
"Cell_3042","non-rare"
"Cell_3043","non-rare"
"Cell_3044","non-rare"
"Cell_3045","non-rare"
"Cell_3046","non-rare"
"Cell_3047","non-rare"
"Cell_3048","non-rare"
"Cell_3049","non-rare"
"Cell_3050","non-rare"
"Cell_3051","non-rare"
"Cell_3052","non-rare"
"Cell_3053","non-rare"
"Cell_3054","non-rare"
"Cell_3055","non-rare"
"Cell_3056","non-rare"
"Cell_3057","non-rare"
"Cell_3058","non-rare"
"Cell_3059","non-rare"
"Cell_3060","rare"
"Cell_3061","non-rare"
"Cell_3062","non-rare"
"Cell_3063","non-rare"
"Cell_3064","non-rare"
"Cell_3065","non-rare"
"Cell_3066","non-rare"
"Cell_3067","non-rare"
"Cell_3068","non-rare"
"Cell_3069","non-rare"
"Cell_3070","non-rare"
"Cell_3071","non-rare"
"Cell_3072","non-rare"
"Cell_3073","non-rare"
"Cell_3074","non-rare"
"Cell_3075","non-rare"
"Cell_3076","non-rare"
"Cell_3077","non-rare"
"Cell_3078","non-rare"
"Cell_3079","non-rare"
"Cell_3080","non-rare"
"Cell_3081","non-rare"
"Cell_3082","non-rare"
"Cell_3083","non-rare"
"Cell_3084","non-rare"
"Cell_3085","non-rare"
"Cell_3086","non-rare"
"Cell_3087","non-rare"
"Cell_3088","non-rare"
"Cell_3089","non-rare"
"Cell_3090","non-rare"
"Cell_3091","non-rare"
"Cell_3092","non-rare"
"Cell_3093","non-rare"
"Cell_3094","non-rare"
"Cell_3095","non-rare"
"Cell_3096","non-rare"
"Cell_3097","non-rare"
"Cell_3098","non-rare"
"Cell_3099","non-rare"
"Cell_3100","rare"
"Cell_3101","non-rare"
"Cell_3102","non-rare"
"Cell_3103","non-rare"
"Cell_3104","non-rare"
"Cell_3105","non-rare"
"Cell_3106","non-rare"
"Cell_3107","non-rare"
"Cell_3108","non-rare"
"Cell_3109","non-rare"
"Cell_3110","non-rare"
"Cell_3111","non-rare"
"Cell_3112","non-rare"
"Cell_3113","non-rare"
"Cell_3114","non-rare"
"Cell_3115","non-rare"
"Cell_3116","non-rare"
"Cell_3117","non-rare"
"Cell_3118","non-rare"
"Cell_3119","non-rare"
"Cell_3120","non-rare"
"Cell_3121","non-rare"
"Cell_3122","non-rare"
"Cell_3123","non-rare"
"Cell_3124","non-rare"
"Cell_3125","non-rare"
"Cell_3126","non-rare"
"Cell_3127","non-rare"
"Cell_3128","non-rare"
"Cell_3129","non-rare"
"Cell_3130","non-rare"
"Cell_3131","non-rare"
"Cell_3132","non-rare"
"Cell_3133","non-rare"
"Cell_3134","non-rare"
"Cell_3135","non-rare"
"Cell_3136","non-rare"
"Cell_3137","non-rare"
"Cell_3138","non-rare"
"Cell_3139","non-rare"
"Cell_3140","non-rare"
"Cell_3141","non-rare"
"Cell_3142","non-rare"
"Cell_3143","rare"
"Cell_3144","non-rare"
"Cell_3145","non-rare"
"Cell_3146","non-rare"
"Cell_3147","non-rare"
"Cell_3148","non-rare"
"Cell_3149","non-rare"
"Cell_3150","non-rare"
"Cell_3151","non-rare"
"Cell_3152","non-rare"
"Cell_3153","non-rare"
"Cell_3154","non-rare"
"Cell_3155","non-rare"
"Cell_3156","non-rare"
"Cell_3157","non-rare"
"Cell_3158","non-rare"
"Cell_3159","non-rare"
"Cell_3160","non-rare"
"Cell_3161","non-rare"
"Cell_3162","non-rare"
"Cell_3163","non-rare"
"Cell_3164","non-rare"
"Cell_3165","non-rare"
"Cell_3166","non-rare"
"Cell_3167","non-rare"
"Cell_3168","non-rare"
"Cell_3169","non-rare"
"Cell_3170","non-rare"
"Cell_3171","non-rare"
"Cell_3172","non-rare"
"Cell_3173","non-rare"
"Cell_3174","non-rare"
"Cell_3175","non-rare"
"Cell_3176","non-rare"
"Cell_3177","non-rare"
"Cell_3178","non-rare"
"Cell_3179","non-rare"
"Cell_3180","non-rare"
"Cell_3181","non-rare"
"Cell_3182","non-rare"
"Cell_3183","non-rare"
"Cell_3184","non-rare"
"Cell_3185","non-rare"
"Cell_3186","non-rare"
"Cell_3187","non-rare"
"Cell_3188","non-rare"
"Cell_3189","non-rare"
"Cell_3190","non-rare"
"Cell_3191","non-rare"
"Cell_3192","non-rare"
"Cell_3193","non-rare"
"Cell_3194","non-rare"
"Cell_3195","non-rare"
"Cell_3196","non-rare"
"Cell_3197","non-rare"
"Cell_3198","non-rare"
"Cell_3199","non-rare"
"Cell_3200","rare"
"Cell_3201","non-rare"
"Cell_3202","non-rare"
"Cell_3203","non-rare"
"Cell_3204","non-rare"
"Cell_3205","non-rare"
"Cell_3206","non-rare"
"Cell_3207","non-rare"
"Cell_3208","non-rare"
"Cell_3209","non-rare"
"Cell_3210","non-rare"
"Cell_3211","non-rare"
"Cell_3212","non-rare"
"Cell_3213","non-rare"
"Cell_3214","non-rare"
"Cell_3215","non-rare"
"Cell_3216","non-rare"
"Cell_3217","non-rare"
"Cell_3218","non-rare"
"Cell_3219","non-rare"
"Cell_3220","non-rare"
"Cell_3221","non-rare"
"Cell_3222","non-rare"
"Cell_3223","non-rare"
"Cell_3224","non-rare"
"Cell_3225","non-rare"
"Cell_3226","non-rare"
"Cell_3227","non-rare"
"Cell_3228","non-rare"
"Cell_3229","non-rare"
"Cell_3230","non-rare"
"Cell_3231","non-rare"
"Cell_3232","non-rare"
"Cell_3233","non-rare"
"Cell_3234","non-rare"
"Cell_3235","non-rare"
"Cell_3236","non-rare"
"Cell_3237","non-rare"
"Cell_3238","non-rare"
"Cell_3239","non-rare"
"Cell_3240","non-rare"
"Cell_3241","non-rare"
"Cell_3242","non-rare"
"Cell_3243","non-rare"
"Cell_3244","non-rare"
"Cell_3245","non-rare"
"Cell_3246","non-rare"
"Cell_3247","non-rare"
"Cell_3248","non-rare"
"Cell_3249","non-rare"
"Cell_3250","non-rare"
"Cell_3251","non-rare"
"Cell_3252","non-rare"
"Cell_3253","non-rare"
"Cell_3254","non-rare"
"Cell_3255","non-rare"
"Cell_3256","non-rare"
"Cell_3257","non-rare"
"Cell_3258","non-rare"
"Cell_3259","non-rare"
"Cell_3260","non-rare"
"Cell_3261","non-rare"
"Cell_3262","non-rare"
"Cell_3263","non-rare"
"Cell_3264","non-rare"
"Cell_3265","non-rare"
"Cell_3266","non-rare"
"Cell_3267","non-rare"
"Cell_3268","non-rare"
"Cell_3269","non-rare"
"Cell_3270","non-rare"
"Cell_3271","rare"
"Cell_3272","non-rare"
"Cell_3273","non-rare"
"Cell_3274","non-rare"
"Cell_3275","non-rare"
"Cell_3276","non-rare"
"Cell_3277","non-rare"
"Cell_3278","non-rare"
"Cell_3279","non-rare"
"Cell_3280","non-rare"
"Cell_3281","non-rare"
"Cell_3282","non-rare"
"Cell_3283","non-rare"
"Cell_3284","non-rare"
"Cell_3285","non-rare"
"Cell_3286","non-rare"
"Cell_3287","non-rare"
"Cell_3288","non-rare"
"Cell_3289","non-rare"
"Cell_3290","non-rare"
"Cell_3291","non-rare"
"Cell_3292","non-rare"
"Cell_3293","non-rare"
"Cell_3294","non-rare"
"Cell_3295","non-rare"
"Cell_3296","non-rare"
"Cell_3297","non-rare"
"Cell_3298","non-rare"
"Cell_3299","non-rare"
"Cell_3300","non-rare"
"Cell_3301","non-rare"
"Cell_3302","non-rare"
"Cell_3303","non-rare"
"Cell_3304","non-rare"
"Cell_3305","non-rare"
"Cell_3306","non-rare"
"Cell_3307","non-rare"
"Cell_3308","non-rare"
"Cell_3309","non-rare"
"Cell_3310","non-rare"
"Cell_3311","non-rare"
"Cell_3312","non-rare"
"Cell_3313","non-rare"
"Cell_3314","non-rare"
"Cell_3315","non-rare"
"Cell_3316","non-rare"
"Cell_3317","non-rare"
"Cell_3318","non-rare"
"Cell_3319","non-rare"
"Cell_3320","non-rare"
"Cell_3321","non-rare"
"Cell_3322","non-rare"
"Cell_3323","non-rare"
"Cell_3324","non-rare"
"Cell_3325","non-rare"
"Cell_3326","non-rare"
"Cell_3327","non-rare"
"Cell_3328","non-rare"
"Cell_3329","non-rare"
"Cell_3330","non-rare"
"Cell_3331","non-rare"
"Cell_3332","non-rare"
"Cell_3333","non-rare"
"Cell_3334","non-rare"
"Cell_3335","non-rare"
"Cell_3336","non-rare"
"Cell_3337","non-rare"
"Cell_3338","non-rare"
"Cell_3339","non-rare"
"Cell_3340","non-rare"
"Cell_3341","non-rare"
"Cell_3342","non-rare"
"Cell_3343","non-rare"
"Cell_3344","non-rare"
"Cell_3345","non-rare"
"Cell_3346","non-rare"
"Cell_3347","non-rare"
"Cell_3348","non-rare"
"Cell_3349","non-rare"
"Cell_3350","non-rare"
"Cell_3351","non-rare"
"Cell_3352","non-rare"
"Cell_3353","non-rare"
"Cell_3354","non-rare"
"Cell_3355","non-rare"
"Cell_3356","non-rare"
"Cell_3357","non-rare"
"Cell_3358","non-rare"
"Cell_3359","non-rare"
"Cell_3360","non-rare"
"Cell_3361","non-rare"
"Cell_3362","non-rare"
"Cell_3363","non-rare"
"Cell_3364","non-rare"
"Cell_3365","non-rare"
"Cell_3366","non-rare"
"Cell_3367","non-rare"
"Cell_3368","non-rare"
"Cell_3369","non-rare"
"Cell_3370","non-rare"
"Cell_3371","non-rare"
"Cell_3372","non-rare"
"Cell_3373","non-rare"
"Cell_3374","non-rare"
"Cell_3375","non-rare"
"Cell_3376","non-rare"
"Cell_3377","non-rare"
"Cell_3378","non-rare"
"Cell_3379","non-rare"
"Cell_3380","non-rare"
"Cell_3381","non-rare"
"Cell_3382","non-rare"
"Cell_3383","non-rare"
"Cell_3384","non-rare"
"Cell_3385","non-rare"
"Cell_3386","non-rare"
"Cell_3387","non-rare"
"Cell_3388","non-rare"
"Cell_3389","non-rare"
"Cell_3390","non-rare"
"Cell_3391","non-rare"
"Cell_3392","non-rare"
"Cell_3393","non-rare"
"Cell_3394","non-rare"
"Cell_3395","non-rare"
"Cell_3396","non-rare"
"Cell_3397","non-rare"
"Cell_3398","non-rare"
"Cell_3399","non-rare"
"Cell_3400","non-rare"
"Cell_3401","non-rare"
"Cell_3402","non-rare"
"Cell_3403","non-rare"
"Cell_3404","non-rare"
"Cell_3405","non-rare"
"Cell_3406","non-rare"
"Cell_3407","non-rare"
"Cell_3408","non-rare"
"Cell_3409","non-rare"
"Cell_3410","non-rare"
"Cell_3411","non-rare"
"Cell_3412","non-rare"
"Cell_3413","non-rare"
"Cell_3414","non-rare"
"Cell_3415","non-rare"
"Cell_3416","non-rare"
"Cell_3417","non-rare"
"Cell_3418","non-rare"
"Cell_3419","non-rare"
"Cell_3420","non-rare"
"Cell_3421","non-rare"
"Cell_3422","non-rare"
"Cell_3423","non-rare"
"Cell_3424","non-rare"
"Cell_3425","non-rare"
"Cell_3426","non-rare"
"Cell_3427","non-rare"
"Cell_3428","non-rare"
"Cell_3429","non-rare"
"Cell_3430","non-rare"
"Cell_3431","non-rare"
"Cell_3432","non-rare"
"Cell_3433","non-rare"
"Cell_3434","non-rare"
"Cell_3435","non-rare"
"Cell_3436","non-rare"
"Cell_3437","non-rare"
"Cell_3438","non-rare"
"Cell_3439","non-rare"
"Cell_3440","non-rare"
"Cell_3441","non-rare"
"Cell_3442","non-rare"
"Cell_3443","non-rare"
"Cell_3444","non-rare"
"Cell_3445","non-rare"
"Cell_3446","non-rare"
"Cell_3447","non-rare"
"Cell_3448","non-rare"
"Cell_3449","rare"
"Cell_3450","non-rare"
"Cell_3451","non-rare"
"Cell_3452","non-rare"
"Cell_3453","non-rare"
"Cell_3454","non-rare"
"Cell_3455","non-rare"
"Cell_3456","non-rare"
"Cell_3457","non-rare"
"Cell_3458","non-rare"
"Cell_3459","non-rare"
"Cell_3460","non-rare"
"Cell_3461","non-rare"
"Cell_3462","non-rare"
"Cell_3463","non-rare"
"Cell_3464","non-rare"
"Cell_3465","non-rare"
"Cell_3466","non-rare"
"Cell_3467","non-rare"
"Cell_3468","non-rare"
"Cell_3469","non-rare"
"Cell_3470","non-rare"
"Cell_3471","non-rare"
"Cell_3472","non-rare"
"Cell_3473","non-rare"
"Cell_3474","non-rare"
"Cell_3475","non-rare"
"Cell_3476","non-rare"
"Cell_3477","non-rare"
"Cell_3478","non-rare"
"Cell_3479","non-rare"
"Cell_3480","non-rare"
"Cell_3481","non-rare"
"Cell_3482","non-rare"
"Cell_3483","non-rare"
"Cell_3484","non-rare"
"Cell_3485","non-rare"
"Cell_3486","non-rare"
"Cell_3487","non-rare"
"Cell_3488","non-rare"
"Cell_3489","non-rare"
"Cell_3490","non-rare"
"Cell_3491","non-rare"
"Cell_3492","non-rare"
"Cell_3493","non-rare"
"Cell_3494","non-rare"
"Cell_3495","non-rare"
"Cell_3496","non-rare"
"Cell_3497","non-rare"
"Cell_3498","non-rare"
"Cell_3499","non-rare"
"Cell_3500","non-rare"
"Cell_3501","non-rare"
"Cell_3502","non-rare"
"Cell_3503","non-rare"
"Cell_3504","non-rare"
"Cell_3505","non-rare"
"Cell_3506","non-rare"
"Cell_3507","non-rare"
"Cell_3508","non-rare"
"Cell_3509","non-rare"
"Cell_3510","non-rare"
"Cell_3511","non-rare"
"Cell_3512","non-rare"
"Cell_3513","non-rare"
"Cell_3514","non-rare"
"Cell_3515","non-rare"
"Cell_3516","non-rare"
"Cell_3517","non-rare"
"Cell_3518","non-rare"
"Cell_3519","non-rare"
"Cell_3520","non-rare"
"Cell_3521","non-rare"
"Cell_3522","non-rare"
"Cell_3523","non-rare"
"Cell_3524","non-rare"
"Cell_3525","non-rare"
"Cell_3526","non-rare"
"Cell_3527","non-rare"
"Cell_3528","non-rare"
"Cell_3529","non-rare"
"Cell_3530","non-rare"
"Cell_3531","non-rare"
"Cell_3532","non-rare"
"Cell_3533","non-rare"
"Cell_3534","non-rare"
"Cell_3535","non-rare"
"Cell_3536","non-rare"
"Cell_3537","non-rare"
"Cell_3538","non-rare"
"Cell_3539","non-rare"
"Cell_3540","non-rare"
"Cell_3541","non-rare"
"Cell_3542","non-rare"
"Cell_3543","non-rare"
"Cell_3544","non-rare"
"Cell_3545","non-rare"
"Cell_3546","non-rare"
"Cell_3547","non-rare"
"Cell_3548","non-rare"
"Cell_3549","non-rare"
"Cell_3550","non-rare"
"Cell_3551","non-rare"
"Cell_3552","non-rare"
"Cell_3553","non-rare"
"Cell_3554","non-rare"
"Cell_3555","non-rare"
"Cell_3556","non-rare"
"Cell_3557","non-rare"
"Cell_3558","non-rare"
"Cell_3559","non-rare"
"Cell_3560","rare"
"Cell_3561","non-rare"
"Cell_3562","non-rare"
"Cell_3563","non-rare"
"Cell_3564","non-rare"
"Cell_3565","non-rare"
"Cell_3566","non-rare"
"Cell_3567","non-rare"
"Cell_3568","non-rare"
"Cell_3569","non-rare"
"Cell_3570","non-rare"
"Cell_3571","non-rare"
"Cell_3572","non-rare"
"Cell_3573","non-rare"
"Cell_3574","non-rare"
"Cell_3575","non-rare"
"Cell_3576","non-rare"
"Cell_3577","non-rare"
"Cell_3578","non-rare"
"Cell_3579","non-rare"
"Cell_3580","non-rare"
"Cell_3581","non-rare"
"Cell_3582","non-rare"
"Cell_3583","non-rare"
"Cell_3584","non-rare"
"Cell_3585","non-rare"
"Cell_3586","non-rare"
"Cell_3587","non-rare"
"Cell_3588","non-rare"
"Cell_3589","non-rare"
"Cell_3590","non-rare"
"Cell_3591","non-rare"
"Cell_3592","non-rare"
"Cell_3593","non-rare"
"Cell_3594","non-rare"
"Cell_3595","non-rare"
"Cell_3596","non-rare"
"Cell_3597","non-rare"
"Cell_3598","non-rare"
"Cell_3599","non-rare"
"Cell_3600","non-rare"
"Cell_3601","non-rare"
"Cell_3602","non-rare"
"Cell_3603","non-rare"
"Cell_3604","non-rare"
"Cell_3605","non-rare"
"Cell_3606","non-rare"
"Cell_3607","non-rare"
"Cell_3608","non-rare"
"Cell_3609","non-rare"
"Cell_3610","non-rare"
"Cell_3611","non-rare"
"Cell_3612","non-rare"
"Cell_3613","non-rare"
"Cell_3614","non-rare"
"Cell_3615","non-rare"
"Cell_3616","non-rare"
"Cell_3617","non-rare"
"Cell_3618","non-rare"
"Cell_3619","non-rare"
"Cell_3620","non-rare"
"Cell_3621","non-rare"
"Cell_3622","non-rare"
"Cell_3623","non-rare"
"Cell_3624","non-rare"
"Cell_3625","non-rare"
"Cell_3626","non-rare"
"Cell_3627","non-rare"
"Cell_3628","non-rare"
"Cell_3629","non-rare"
"Cell_3630","non-rare"
"Cell_3631","non-rare"
"Cell_3632","non-rare"
"Cell_3633","non-rare"
"Cell_3634","non-rare"
"Cell_3635","non-rare"
"Cell_3636","non-rare"
"Cell_3637","non-rare"
"Cell_3638","non-rare"
"Cell_3639","non-rare"
"Cell_3640","non-rare"
"Cell_3641","non-rare"
"Cell_3642","non-rare"
"Cell_3643","non-rare"
"Cell_3644","non-rare"
"Cell_3645","non-rare"
"Cell_3646","non-rare"
"Cell_3647","non-rare"
"Cell_3648","non-rare"
"Cell_3649","non-rare"
"Cell_3650","non-rare"
"Cell_3651","non-rare"
"Cell_3652","non-rare"
"Cell_3653","non-rare"
"Cell_3654","non-rare"
"Cell_3655","non-rare"
"Cell_3656","non-rare"
"Cell_3657","non-rare"
"Cell_3658","non-rare"
"Cell_3659","non-rare"
"Cell_3660","non-rare"
"Cell_3661","non-rare"
"Cell_3662","non-rare"
"Cell_3663","non-rare"
"Cell_3664","non-rare"
"Cell_3665","non-rare"
"Cell_3666","non-rare"
"Cell_3667","non-rare"
"Cell_3668","non-rare"
"Cell_3669","non-rare"
"Cell_3670","non-rare"
"Cell_3671","non-rare"
"Cell_3672","non-rare"
"Cell_3673","non-rare"
"Cell_3674","non-rare"
"Cell_3675","non-rare"
"Cell_3676","non-rare"
"Cell_3677","non-rare"
"Cell_3678","non-rare"
"Cell_3679","non-rare"
"Cell_3680","non-rare"
"Cell_3681","non-rare"
"Cell_3682","non-rare"
"Cell_3683","non-rare"
"Cell_3684","non-rare"
"Cell_3685","non-rare"
"Cell_3686","non-rare"
"Cell_3687","non-rare"
"Cell_3688","non-rare"
"Cell_3689","non-rare"
"Cell_3690","non-rare"
"Cell_3691","non-rare"
"Cell_3692","non-rare"
"Cell_3693","non-rare"
"Cell_3694","non-rare"
"Cell_3695","non-rare"
"Cell_3696","non-rare"
"Cell_3697","non-rare"
"Cell_3698","non-rare"
"Cell_3699","non-rare"
"Cell_3700","non-rare"
"Cell_3701","non-rare"
"Cell_3702","non-rare"
"Cell_3703","rare"
"Cell_3704","non-rare"
"Cell_3705","non-rare"
"Cell_3706","non-rare"
"Cell_3707","non-rare"
"Cell_3708","non-rare"
"Cell_3709","non-rare"
"Cell_3710","non-rare"
"Cell_3711","non-rare"
"Cell_3712","non-rare"
"Cell_3713","non-rare"
"Cell_3714","non-rare"
"Cell_3715","non-rare"
"Cell_3716","non-rare"
"Cell_3717","non-rare"
"Cell_3718","non-rare"
"Cell_3719","non-rare"
"Cell_3720","non-rare"
"Cell_3721","non-rare"
"Cell_3722","non-rare"
"Cell_3723","non-rare"
"Cell_3724","non-rare"
"Cell_3725","non-rare"
"Cell_3726","non-rare"
"Cell_3727","non-rare"
"Cell_3728","non-rare"
"Cell_3729","non-rare"
"Cell_3730","non-rare"
"Cell_3731","non-rare"
"Cell_3732","non-rare"
"Cell_3733","non-rare"
"Cell_3734","non-rare"
"Cell_3735","non-rare"
"Cell_3736","non-rare"
"Cell_3737","non-rare"
"Cell_3738","non-rare"
"Cell_3739","non-rare"
"Cell_3740","non-rare"
"Cell_3741","non-rare"
"Cell_3742","non-rare"
"Cell_3743","non-rare"
"Cell_3744","non-rare"
"Cell_3745","non-rare"
"Cell_3746","non-rare"
"Cell_3747","non-rare"
"Cell_3748","non-rare"
"Cell_3749","non-rare"
"Cell_3750","non-rare"
"Cell_3751","non-rare"
"Cell_3752","non-rare"
"Cell_3753","non-rare"
"Cell_3754","non-rare"
"Cell_3755","non-rare"
"Cell_3756","non-rare"
"Cell_3757","non-rare"
"Cell_3758","non-rare"
"Cell_3759","non-rare"
"Cell_3760","non-rare"
"Cell_3761","non-rare"
"Cell_3762","non-rare"
"Cell_3763","non-rare"
"Cell_3764","non-rare"
"Cell_3765","non-rare"
"Cell_3766","non-rare"
"Cell_3767","non-rare"
"Cell_3768","non-rare"
"Cell_3769","non-rare"
"Cell_3770","non-rare"
"Cell_3771","non-rare"
"Cell_3772","non-rare"
"Cell_3773","non-rare"
"Cell_3774","non-rare"
"Cell_3775","non-rare"
"Cell_3776","non-rare"
"Cell_3777","non-rare"
"Cell_3778","non-rare"
"Cell_3779","non-rare"
"Cell_3780","non-rare"
"Cell_3781","non-rare"
"Cell_3782","non-rare"
"Cell_3783","non-rare"
"Cell_3784","non-rare"
"Cell_3785","non-rare"
"Cell_3786","non-rare"
"Cell_3787","non-rare"
"Cell_3788","non-rare"
"Cell_3789","non-rare"
"Cell_3790","non-rare"
"Cell_3791","non-rare"
"Cell_3792","non-rare"
"Cell_3793","non-rare"
"Cell_3794","non-rare"
"Cell_3795","non-rare"
"Cell_3796","non-rare"
"Cell_3797","non-rare"
"Cell_3798","non-rare"
"Cell_3799","non-rare"
"Cell_3800","non-rare"
"Cell_3801","non-rare"
"Cell_3802","non-rare"
"Cell_3803","non-rare"
"Cell_3804","non-rare"
"Cell_3805","non-rare"
"Cell_3806","non-rare"
"Cell_3807","non-rare"
"Cell_3808","non-rare"
"Cell_3809","non-rare"
"Cell_3810","non-rare"
"Cell_3811","non-rare"
"Cell_3812","non-rare"
"Cell_3813","non-rare"
"Cell_3814","non-rare"
"Cell_3815","non-rare"
"Cell_3816","non-rare"
"Cell_3817","non-rare"
"Cell_3818","non-rare"
"Cell_3819","non-rare"
"Cell_3820","non-rare"
"Cell_3821","non-rare"
"Cell_3822","non-rare"
"Cell_3823","non-rare"
"Cell_3824","non-rare"
"Cell_3825","non-rare"
"Cell_3826","non-rare"
"Cell_3827","non-rare"
"Cell_3828","non-rare"
"Cell_3829","non-rare"
"Cell_3830","non-rare"
"Cell_3831","non-rare"
"Cell_3832","non-rare"
"Cell_3833","non-rare"
"Cell_3834","non-rare"
"Cell_3835","non-rare"
"Cell_3836","non-rare"
"Cell_3837","non-rare"
"Cell_3838","non-rare"
"Cell_3839","non-rare"
"Cell_3840","non-rare"
"Cell_3841","non-rare"
"Cell_3842","non-rare"
"Cell_3843","non-rare"
"Cell_3844","non-rare"
"Cell_3845","non-rare"
"Cell_3846","non-rare"
"Cell_3847","non-rare"
"Cell_3848","non-rare"
"Cell_3849","non-rare"
"Cell_3850","non-rare"
"Cell_3851","non-rare"
"Cell_3852","non-rare"
"Cell_3853","non-rare"
"Cell_3854","non-rare"
"Cell_3855","non-rare"
"Cell_3856","non-rare"
"Cell_3857","non-rare"
"Cell_3858","non-rare"
"Cell_3859","non-rare"
"Cell_3860","non-rare"
"Cell_3861","non-rare"
"Cell_3862","non-rare"
"Cell_3863","non-rare"
"Cell_3864","non-rare"
"Cell_3865","non-rare"
"Cell_3866","non-rare"
"Cell_3867","non-rare"
"Cell_3868","non-rare"
"Cell_3869","non-rare"
"Cell_3870","non-rare"
"Cell_3871","non-rare"
"Cell_3872","non-rare"
"Cell_3873","non-rare"
"Cell_3874","non-rare"
"Cell_3875","non-rare"
"Cell_3876","non-rare"
"Cell_3877","non-rare"
"Cell_3878","non-rare"
"Cell_3879","non-rare"
"Cell_3880","non-rare"
"Cell_3881","non-rare"
"Cell_3882","non-rare"
"Cell_3883","non-rare"
"Cell_3884","non-rare"
"Cell_3885","non-rare"
"Cell_3886","non-rare"
"Cell_3887","non-rare"
"Cell_3888","non-rare"
"Cell_3889","non-rare"
"Cell_3890","non-rare"
"Cell_3891","non-rare"
"Cell_3892","non-rare"
"Cell_3893","non-rare"
"Cell_3894","non-rare"
"Cell_3895","non-rare"
"Cell_3896","non-rare"
"Cell_3897","non-rare"
"Cell_3898","non-rare"
"Cell_3899","non-rare"
"Cell_3900","non-rare"
"Cell_3901","non-rare"
"Cell_3902","non-rare"
"Cell_3903","non-rare"
"Cell_3904","non-rare"
"Cell_3905","non-rare"
"Cell_3906","non-rare"
"Cell_3907","non-rare"
"Cell_3908","non-rare"
"Cell_3909","non-rare"
"Cell_3910","non-rare"
"Cell_3911","non-rare"
"Cell_3912","non-rare"
"Cell_3913","non-rare"
"Cell_3914","non-rare"
"Cell_3915","non-rare"
"Cell_3916","non-rare"
"Cell_3917","non-rare"
"Cell_3918","non-rare"
"Cell_3919","non-rare"
"Cell_3920","non-rare"
"Cell_3921","non-rare"
"Cell_3922","non-rare"
"Cell_3923","non-rare"
"Cell_3924","non-rare"
"Cell_3925","non-rare"
"Cell_3926","non-rare"
"Cell_3927","non-rare"
"Cell_3928","non-rare"
"Cell_3929","non-rare"
"Cell_3930","non-rare"
"Cell_3931","non-rare"
"Cell_3932","non-rare"
"Cell_3933","non-rare"
"Cell_3934","non-rare"
"Cell_3935","non-rare"
"Cell_3936","non-rare"
"Cell_3937","non-rare"
"Cell_3938","non-rare"
"Cell_3939","non-rare"
"Cell_3940","non-rare"
"Cell_3941","non-rare"
"Cell_3942","non-rare"
"Cell_3943","non-rare"
"Cell_3944","rare"
"Cell_3945","non-rare"
"Cell_3946","non-rare"
"Cell_3947","non-rare"
"Cell_3948","non-rare"
"Cell_3949","non-rare"
"Cell_3950","non-rare"
"Cell_3951","non-rare"
"Cell_3952","non-rare"
"Cell_3953","non-rare"
"Cell_3954","non-rare"
"Cell_3955","non-rare"
"Cell_3956","non-rare"
"Cell_3957","non-rare"
"Cell_3958","non-rare"
"Cell_3959","non-rare"
"Cell_3960","non-rare"
"Cell_3961","non-rare"
"Cell_3962","non-rare"
"Cell_3963","non-rare"
"Cell_3964","non-rare"
"Cell_3965","non-rare"
"Cell_3966","non-rare"
"Cell_3967","non-rare"
"Cell_3968","non-rare"
"Cell_3969","non-rare"
"Cell_3970","non-rare"
"Cell_3971","non-rare"
"Cell_3972","non-rare"
"Cell_3973","non-rare"
"Cell_3974","non-rare"
"Cell_3975","non-rare"
"Cell_3976","non-rare"
"Cell_3977","non-rare"
"Cell_3978","non-rare"
"Cell_3979","non-rare"
"Cell_3980","non-rare"
"Cell_3981","non-rare"
"Cell_3982","non-rare"
"Cell_3983","non-rare"
"Cell_3984","non-rare"
"Cell_3985","non-rare"
"Cell_3986","non-rare"
"Cell_3987","non-rare"
"Cell_3988","non-rare"
"Cell_3989","non-rare"
"Cell_3990","non-rare"
"Cell_3991","non-rare"
"Cell_3992","non-rare"
"Cell_3993","non-rare"
"Cell_3994","non-rare"
"Cell_3995","non-rare"
"Cell_3996","non-rare"
"Cell_3997","non-rare"
"Cell_3998","non-rare"
"Cell_3999","non-rare"
"Cell_4000","non-rare"
"Cell_4001","non-rare"
"Cell_4002","non-rare"
"Cell_4003","non-rare"
"Cell_4004","non-rare"
"Cell_4005","non-rare"
"Cell_4006","non-rare"
"Cell_4007","non-rare"
"Cell_4008","non-rare"
"Cell_4009","non-rare"
"Cell_4010","non-rare"
"Cell_4011","non-rare"
"Cell_4012","non-rare"
"Cell_4013","non-rare"
"Cell_4014","non-rare"
"Cell_4015","non-rare"
"Cell_4016","non-rare"
"Cell_4017","non-rare"
"Cell_4018","non-rare"
"Cell_4019","non-rare"
"Cell_4020","non-rare"
"Cell_4021","non-rare"
"Cell_4022","non-rare"
"Cell_4023","non-rare"
"Cell_4024","non-rare"
"Cell_4025","non-rare"
"Cell_4026","non-rare"
"Cell_4027","non-rare"
"Cell_4028","non-rare"
"Cell_4029","non-rare"
"Cell_4030","non-rare"
"Cell_4031","non-rare"
"Cell_4032","non-rare"
"Cell_4033","non-rare"
"Cell_4034","non-rare"
"Cell_4035","non-rare"
"Cell_4036","non-rare"
"Cell_4037","non-rare"
"Cell_4038","non-rare"
"Cell_4039","non-rare"
"Cell_4040","non-rare"
"Cell_4041","non-rare"
"Cell_4042","non-rare"
"Cell_4043","non-rare"
"Cell_4044","non-rare"
"Cell_4045","non-rare"
"Cell_4046","non-rare"
"Cell_4047","non-rare"
"Cell_4048","non-rare"
"Cell_4049","non-rare"
"Cell_4050","non-rare"
"Cell_4051","non-rare"
"Cell_4052","non-rare"
"Cell_4053","non-rare"
"Cell_4054","non-rare"
"Cell_4055","non-rare"
"Cell_4056","non-rare"
"Cell_4057","non-rare"
"Cell_4058","non-rare"
"Cell_4059","non-rare"
"Cell_4060","non-rare"
"Cell_4061","non-rare"
"Cell_4062","non-rare"
"Cell_4063","non-rare"
"Cell_4064","non-rare"
"Cell_4065","non-rare"
"Cell_4066","non-rare"
"Cell_4067","non-rare"
"Cell_4068","rare"
"Cell_4069","non-rare"
"Cell_4070","non-rare"
"Cell_4071","non-rare"
"Cell_4072","non-rare"
"Cell_4073","non-rare"
"Cell_4074","non-rare"
"Cell_4075","non-rare"
"Cell_4076","non-rare"
"Cell_4077","non-rare"
"Cell_4078","non-rare"
"Cell_4079","non-rare"
"Cell_4080","non-rare"
"Cell_4081","non-rare"
"Cell_4082","non-rare"
"Cell_4083","non-rare"
"Cell_4084","non-rare"
"Cell_4085","non-rare"
"Cell_4086","non-rare"
"Cell_4087","non-rare"
"Cell_4088","non-rare"
"Cell_4089","non-rare"
"Cell_4090","non-rare"
"Cell_4091","non-rare"
"Cell_4092","non-rare"
"Cell_4093","non-rare"
"Cell_4094","non-rare"
"Cell_4095","non-rare"
"Cell_4096","non-rare"
"Cell_4097","non-rare"
"Cell_4098","non-rare"
"Cell_4099","non-rare"
"Cell_4100","non-rare"
"Cell_4101","non-rare"
"Cell_4102","non-rare"
"Cell_4103","non-rare"
"Cell_4104","non-rare"
"Cell_4105","non-rare"
"Cell_4106","non-rare"
"Cell_4107","non-rare"
"Cell_4108","non-rare"
"Cell_4109","non-rare"
"Cell_4110","non-rare"
"Cell_4111","non-rare"
"Cell_4112","non-rare"
"Cell_4113","non-rare"
"Cell_4114","non-rare"
"Cell_4115","non-rare"
"Cell_4116","non-rare"
"Cell_4117","non-rare"
"Cell_4118","non-rare"
"Cell_4119","non-rare"
"Cell_4120","non-rare"
"Cell_4121","non-rare"
"Cell_4122","non-rare"
"Cell_4123","non-rare"
"Cell_4124","non-rare"
"Cell_4125","non-rare"
"Cell_4126","non-rare"
"Cell_4127","non-rare"
"Cell_4128","non-rare"
"Cell_4129","non-rare"
"Cell_4130","non-rare"
"Cell_4131","non-rare"
"Cell_4132","non-rare"
"Cell_4133","non-rare"
"Cell_4134","non-rare"
"Cell_4135","non-rare"
"Cell_4136","non-rare"
"Cell_4137","non-rare"
"Cell_4138","non-rare"
"Cell_4139","non-rare"
"Cell_4140","non-rare"
"Cell_4141","non-rare"
"Cell_4142","non-rare"
"Cell_4143","non-rare"
"Cell_4144","non-rare"
"Cell_4145","non-rare"
"Cell_4146","non-rare"
"Cell_4147","non-rare"
"Cell_4148","non-rare"
"Cell_4149","non-rare"
"Cell_4150","non-rare"
"Cell_4151","non-rare"
"Cell_4152","non-rare"
"Cell_4153","non-rare"
"Cell_4154","non-rare"
"Cell_4155","non-rare"
"Cell_4156","non-rare"
"Cell_4157","non-rare"
"Cell_4158","non-rare"
"Cell_4159","non-rare"
"Cell_4160","non-rare"
"Cell_4161","non-rare"
"Cell_4162","non-rare"
"Cell_4163","non-rare"
"Cell_4164","non-rare"
"Cell_4165","non-rare"
"Cell_4166","non-rare"
"Cell_4167","non-rare"
"Cell_4168","non-rare"
"Cell_4169","non-rare"
"Cell_4170","non-rare"
"Cell_4171","non-rare"
"Cell_4172","non-rare"
"Cell_4173","non-rare"
"Cell_4174","non-rare"
"Cell_4175","non-rare"
"Cell_4176","non-rare"
"Cell_4177","non-rare"
"Cell_4178","non-rare"
"Cell_4179","non-rare"
"Cell_4180","non-rare"
"Cell_4181","non-rare"
"Cell_4182","non-rare"
"Cell_4183","non-rare"
"Cell_4184","non-rare"
"Cell_4185","non-rare"
"Cell_4186","non-rare"
"Cell_4187","non-rare"
"Cell_4188","non-rare"
"Cell_4189","non-rare"
"Cell_4190","non-rare"
"Cell_4191","non-rare"
"Cell_4192","non-rare"
"Cell_4193","non-rare"
"Cell_4194","non-rare"
"Cell_4195","non-rare"
"Cell_4196","non-rare"
"Cell_4197","non-rare"
"Cell_4198","non-rare"
"Cell_4199","non-rare"
"Cell_4200","non-rare"
"Cell_4201","non-rare"
"Cell_4202","non-rare"
"Cell_4203","non-rare"
"Cell_4204","non-rare"
"Cell_4205","non-rare"
"Cell_4206","non-rare"
"Cell_4207","non-rare"
"Cell_4208","non-rare"
"Cell_4209","non-rare"
"Cell_4210","non-rare"
"Cell_4211","non-rare"
"Cell_4212","non-rare"
"Cell_4213","non-rare"
"Cell_4214","non-rare"
"Cell_4215","non-rare"
"Cell_4216","non-rare"
"Cell_4217","non-rare"
"Cell_4218","non-rare"
"Cell_4219","non-rare"
"Cell_4220","non-rare"
"Cell_4221","non-rare"
"Cell_4222","non-rare"
"Cell_4223","non-rare"
"Cell_4224","non-rare"
"Cell_4225","non-rare"
"Cell_4226","non-rare"
"Cell_4227","non-rare"
"Cell_4228","non-rare"
"Cell_4229","non-rare"
"Cell_4230","non-rare"
"Cell_4231","non-rare"
"Cell_4232","non-rare"
"Cell_4233","non-rare"
"Cell_4234","non-rare"
"Cell_4235","non-rare"
"Cell_4236","non-rare"
"Cell_4237","non-rare"
"Cell_4238","non-rare"
"Cell_4239","non-rare"
"Cell_4240","non-rare"
"Cell_4241","non-rare"
"Cell_4242","non-rare"
"Cell_4243","non-rare"
"Cell_4244","non-rare"
"Cell_4245","non-rare"
"Cell_4246","non-rare"
"Cell_4247","non-rare"
"Cell_4248","non-rare"
"Cell_4249","non-rare"
"Cell_4250","non-rare"
"Cell_4251","non-rare"
"Cell_4252","non-rare"
"Cell_4253","non-rare"
"Cell_4254","non-rare"
"Cell_4255","non-rare"
"Cell_4256","non-rare"
"Cell_4257","non-rare"
"Cell_4258","non-rare"
"Cell_4259","non-rare"
"Cell_4260","non-rare"
"Cell_4261","non-rare"
"Cell_4262","non-rare"
"Cell_4263","non-rare"
"Cell_4264","non-rare"
"Cell_4265","non-rare"
"Cell_4266","non-rare"
"Cell_4267","non-rare"
"Cell_4268","non-rare"
"Cell_4269","non-rare"
"Cell_4270","non-rare"
"Cell_4271","non-rare"
"Cell_4272","non-rare"
"Cell_4273","non-rare"
"Cell_4274","non-rare"
"Cell_4275","non-rare"
"Cell_4276","non-rare"
"Cell_4277","non-rare"
"Cell_4278","non-rare"
"Cell_4279","non-rare"
"Cell_4280","non-rare"
"Cell_4281","non-rare"
"Cell_4282","non-rare"
"Cell_4283","non-rare"
"Cell_4284","non-rare"
"Cell_4285","non-rare"
"Cell_4286","non-rare"
"Cell_4287","non-rare"
"Cell_4288","non-rare"
"Cell_4289","non-rare"
"Cell_4290","non-rare"
"Cell_4291","non-rare"
"Cell_4292","non-rare"
"Cell_4293","non-rare"
"Cell_4294","non-rare"
"Cell_4295","non-rare"
"Cell_4296","non-rare"
"Cell_4297","non-rare"
"Cell_4298","non-rare"
"Cell_4299","non-rare"
"Cell_4300","non-rare"
"Cell_4301","non-rare"
"Cell_4302","non-rare"
"Cell_4303","non-rare"
"Cell_4304","non-rare"
"Cell_4305","non-rare"
"Cell_4306","non-rare"
"Cell_4307","non-rare"
"Cell_4308","non-rare"
"Cell_4309","non-rare"
"Cell_4310","non-rare"
"Cell_4311","non-rare"
"Cell_4312","non-rare"
"Cell_4313","non-rare"
"Cell_4314","non-rare"
"Cell_4315","non-rare"
"Cell_4316","non-rare"
"Cell_4317","non-rare"
"Cell_4318","non-rare"
"Cell_4319","non-rare"
"Cell_4320","non-rare"
"Cell_4321","non-rare"
"Cell_4322","non-rare"
"Cell_4323","non-rare"
"Cell_4324","non-rare"
"Cell_4325","non-rare"
"Cell_4326","non-rare"
"Cell_4327","non-rare"
"Cell_4328","non-rare"
"Cell_4329","non-rare"
"Cell_4330","non-rare"
"Cell_4331","non-rare"
"Cell_4332","non-rare"
"Cell_4333","non-rare"
"Cell_4334","non-rare"
"Cell_4335","non-rare"
"Cell_4336","non-rare"
"Cell_4337","non-rare"
"Cell_4338","non-rare"
"Cell_4339","non-rare"
"Cell_4340","non-rare"
"Cell_4341","non-rare"
"Cell_4342","non-rare"
"Cell_4343","non-rare"
"Cell_4344","non-rare"
"Cell_4345","non-rare"
"Cell_4346","non-rare"
"Cell_4347","non-rare"
"Cell_4348","non-rare"
"Cell_4349","non-rare"
"Cell_4350","non-rare"
"Cell_4351","non-rare"
"Cell_4352","non-rare"
"Cell_4353","non-rare"
"Cell_4354","non-rare"
"Cell_4355","non-rare"
"Cell_4356","non-rare"
"Cell_4357","non-rare"
"Cell_4358","non-rare"
"Cell_4359","non-rare"
"Cell_4360","non-rare"
"Cell_4361","non-rare"
"Cell_4362","non-rare"
"Cell_4363","non-rare"
"Cell_4364","non-rare"
"Cell_4365","non-rare"
"Cell_4366","non-rare"
"Cell_4367","non-rare"
"Cell_4368","non-rare"
"Cell_4369","non-rare"
"Cell_4370","non-rare"
"Cell_4371","non-rare"
"Cell_4372","non-rare"
"Cell_4373","non-rare"
"Cell_4374","non-rare"
"Cell_4375","non-rare"
"Cell_4376","non-rare"
"Cell_4377","non-rare"
"Cell_4378","non-rare"
"Cell_4379","non-rare"
"Cell_4380","non-rare"
"Cell_4381","non-rare"
"Cell_4382","non-rare"
"Cell_4383","non-rare"
"Cell_4384","non-rare"
"Cell_4385","non-rare"
"Cell_4386","non-rare"
"Cell_4387","non-rare"
"Cell_4388","non-rare"
"Cell_4389","non-rare"
"Cell_4390","non-rare"
"Cell_4391","non-rare"
"Cell_4392","non-rare"
"Cell_4393","non-rare"
"Cell_4394","non-rare"
"Cell_4395","non-rare"
"Cell_4396","non-rare"
"Cell_4397","non-rare"
"Cell_4398","non-rare"
"Cell_4399","non-rare"
"Cell_4400","non-rare"
"Cell_4401","non-rare"
"Cell_4402","non-rare"
"Cell_4403","non-rare"
"Cell_4404","non-rare"
"Cell_4405","non-rare"
"Cell_4406","non-rare"
"Cell_4407","non-rare"
"Cell_4408","non-rare"
"Cell_4409","non-rare"
"Cell_4410","non-rare"
"Cell_4411","non-rare"
"Cell_4412","non-rare"
"Cell_4413","non-rare"
"Cell_4414","non-rare"
"Cell_4415","non-rare"
"Cell_4416","non-rare"
"Cell_4417","non-rare"
"Cell_4418","non-rare"
"Cell_4419","non-rare"
"Cell_4420","non-rare"
"Cell_4421","non-rare"
"Cell_4422","non-rare"
"Cell_4423","non-rare"
"Cell_4424","non-rare"
"Cell_4425","non-rare"
"Cell_4426","non-rare"
"Cell_4427","non-rare"
"Cell_4428","non-rare"
"Cell_4429","non-rare"
"Cell_4430","non-rare"
"Cell_4431","non-rare"
"Cell_4432","non-rare"
"Cell_4433","non-rare"
"Cell_4434","non-rare"
"Cell_4435","non-rare"
"Cell_4436","non-rare"
"Cell_4437","non-rare"
"Cell_4438","non-rare"
"Cell_4439","non-rare"
"Cell_4440","non-rare"
"Cell_4441","non-rare"
"Cell_4442","non-rare"
"Cell_4443","non-rare"
"Cell_4444","non-rare"
"Cell_4445","rare"
"Cell_4446","non-rare"
"Cell_4447","non-rare"
"Cell_4448","non-rare"
"Cell_4449","non-rare"
"Cell_4450","non-rare"
"Cell_4451","non-rare"
"Cell_4452","rare"
"Cell_4453","non-rare"
"Cell_4454","non-rare"
"Cell_4455","non-rare"
"Cell_4456","non-rare"
"Cell_4457","non-rare"
"Cell_4458","non-rare"
"Cell_4459","non-rare"
"Cell_4460","non-rare"
"Cell_4461","non-rare"
"Cell_4462","non-rare"
"Cell_4463","non-rare"
"Cell_4464","non-rare"
"Cell_4465","non-rare"
"Cell_4466","non-rare"
"Cell_4467","non-rare"
"Cell_4468","non-rare"
"Cell_4469","non-rare"
"Cell_4470","non-rare"
"Cell_4471","non-rare"
"Cell_4472","non-rare"
"Cell_4473","non-rare"
"Cell_4474","non-rare"
"Cell_4475","non-rare"
"Cell_4476","non-rare"
"Cell_4477","non-rare"
"Cell_4478","non-rare"
"Cell_4479","non-rare"
"Cell_4480","non-rare"
"Cell_4481","non-rare"
"Cell_4482","non-rare"
"Cell_4483","non-rare"
"Cell_4484","non-rare"
"Cell_4485","non-rare"
"Cell_4486","non-rare"
"Cell_4487","non-rare"
"Cell_4488","non-rare"
"Cell_4489","non-rare"
"Cell_4490","non-rare"
"Cell_4491","non-rare"
"Cell_4492","non-rare"
"Cell_4493","non-rare"
"Cell_4494","non-rare"
"Cell_4495","non-rare"
"Cell_4496","non-rare"
"Cell_4497","rare"
"Cell_4498","non-rare"
"Cell_4499","non-rare"
"Cell_4500","non-rare"
"Cell_4501","non-rare"
"Cell_4502","non-rare"
"Cell_4503","non-rare"
"Cell_4504","non-rare"
"Cell_4505","non-rare"
"Cell_4506","non-rare"
"Cell_4507","non-rare"
"Cell_4508","non-rare"
"Cell_4509","non-rare"
"Cell_4510","non-rare"
"Cell_4511","non-rare"
"Cell_4512","non-rare"
"Cell_4513","non-rare"
"Cell_4514","non-rare"
"Cell_4515","non-rare"
"Cell_4516","non-rare"
"Cell_4517","non-rare"
"Cell_4518","non-rare"
"Cell_4519","non-rare"
"Cell_4520","non-rare"
"Cell_4521","non-rare"
"Cell_4522","non-rare"
"Cell_4523","non-rare"
"Cell_4524","non-rare"
"Cell_4525","non-rare"
"Cell_4526","non-rare"
"Cell_4527","non-rare"
"Cell_4528","non-rare"
"Cell_4529","non-rare"
"Cell_4530","non-rare"
"Cell_4531","non-rare"
"Cell_4532","non-rare"
"Cell_4533","non-rare"
"Cell_4534","non-rare"
"Cell_4535","non-rare"
"Cell_4536","non-rare"
"Cell_4537","non-rare"
"Cell_4538","non-rare"
"Cell_4539","non-rare"
"Cell_4540","non-rare"
"Cell_4541","non-rare"
"Cell_4542","non-rare"
"Cell_4543","non-rare"
"Cell_4544","non-rare"
"Cell_4545","non-rare"
"Cell_4546","non-rare"
"Cell_4547","non-rare"
"Cell_4548","non-rare"
"Cell_4549","non-rare"
"Cell_4550","non-rare"
"Cell_4551","non-rare"
"Cell_4552","non-rare"
"Cell_4553","non-rare"
"Cell_4554","non-rare"
"Cell_4555","non-rare"
"Cell_4556","non-rare"
"Cell_4557","non-rare"
"Cell_4558","non-rare"
"Cell_4559","non-rare"
"Cell_4560","non-rare"
"Cell_4561","non-rare"
"Cell_4562","non-rare"
"Cell_4563","non-rare"
"Cell_4564","non-rare"
"Cell_4565","non-rare"
"Cell_4566","non-rare"
"Cell_4567","non-rare"
"Cell_4568","non-rare"
"Cell_4569","non-rare"
"Cell_4570","non-rare"
"Cell_4571","non-rare"
"Cell_4572","non-rare"
"Cell_4573","non-rare"
"Cell_4574","non-rare"
"Cell_4575","rare"
"Cell_4576","non-rare"
"Cell_4577","non-rare"
"Cell_4578","non-rare"
"Cell_4579","non-rare"
"Cell_4580","non-rare"
"Cell_4581","non-rare"
"Cell_4582","non-rare"
"Cell_4583","non-rare"
"Cell_4584","non-rare"
"Cell_4585","non-rare"
"Cell_4586","non-rare"
"Cell_4587","non-rare"
"Cell_4588","non-rare"
"Cell_4589","non-rare"
"Cell_4590","non-rare"
"Cell_4591","non-rare"
"Cell_4592","non-rare"
"Cell_4593","non-rare"
"Cell_4594","non-rare"
"Cell_4595","non-rare"
"Cell_4596","non-rare"
"Cell_4597","non-rare"
"Cell_4598","non-rare"
"Cell_4599","non-rare"
"Cell_4600","non-rare"
"Cell_4601","non-rare"
"Cell_4602","non-rare"
"Cell_4603","non-rare"
"Cell_4604","non-rare"
"Cell_4605","non-rare"
"Cell_4606","non-rare"
"Cell_4607","non-rare"
"Cell_4608","non-rare"
"Cell_4609","non-rare"
"Cell_4610","non-rare"
"Cell_4611","non-rare"
"Cell_4612","non-rare"
"Cell_4613","non-rare"
"Cell_4614","non-rare"
"Cell_4615","non-rare"
"Cell_4616","non-rare"
"Cell_4617","non-rare"
"Cell_4618","non-rare"
"Cell_4619","non-rare"
"Cell_4620","non-rare"
"Cell_4621","non-rare"
"Cell_4622","non-rare"
"Cell_4623","non-rare"
"Cell_4624","non-rare"
"Cell_4625","non-rare"
"Cell_4626","non-rare"
"Cell_4627","non-rare"
"Cell_4628","non-rare"
"Cell_4629","non-rare"
"Cell_4630","non-rare"
"Cell_4631","non-rare"
"Cell_4632","non-rare"
"Cell_4633","non-rare"
"Cell_4634","non-rare"
"Cell_4635","non-rare"
"Cell_4636","non-rare"
"Cell_4637","non-rare"
"Cell_4638","non-rare"
"Cell_4639","non-rare"
"Cell_4640","non-rare"
"Cell_4641","non-rare"
"Cell_4642","non-rare"
"Cell_4643","non-rare"
"Cell_4644","non-rare"
"Cell_4645","non-rare"
"Cell_4646","non-rare"
"Cell_4647","non-rare"
"Cell_4648","non-rare"
"Cell_4649","non-rare"
"Cell_4650","non-rare"
"Cell_4651","non-rare"
"Cell_4652","non-rare"
"Cell_4653","non-rare"
"Cell_4654","non-rare"
"Cell_4655","non-rare"
"Cell_4656","non-rare"
"Cell_4657","non-rare"
"Cell_4658","non-rare"
"Cell_4659","non-rare"
"Cell_4660","non-rare"
"Cell_4661","non-rare"
"Cell_4662","non-rare"
"Cell_4663","non-rare"
"Cell_4664","non-rare"
"Cell_4665","non-rare"
"Cell_4666","non-rare"
"Cell_4667","non-rare"
"Cell_4668","non-rare"
"Cell_4669","non-rare"
"Cell_4670","non-rare"
"Cell_4671","non-rare"
"Cell_4672","non-rare"
"Cell_4673","non-rare"
"Cell_4674","non-rare"
"Cell_4675","non-rare"
"Cell_4676","non-rare"
"Cell_4677","non-rare"
"Cell_4678","non-rare"
"Cell_4679","non-rare"
"Cell_4680","non-rare"
"Cell_4681","non-rare"
"Cell_4682","non-rare"
"Cell_4683","non-rare"
"Cell_4684","non-rare"
"Cell_4685","non-rare"
"Cell_4686","non-rare"
"Cell_4687","non-rare"
"Cell_4688","non-rare"
"Cell_4689","non-rare"
"Cell_4690","rare"
"Cell_4691","non-rare"
"Cell_4692","non-rare"
"Cell_4693","non-rare"
"Cell_4694","non-rare"
"Cell_4695","non-rare"
"Cell_4696","non-rare"
"Cell_4697","non-rare"
"Cell_4698","non-rare"
"Cell_4699","non-rare"
"Cell_4700","non-rare"
"Cell_4701","non-rare"
"Cell_4702","non-rare"
"Cell_4703","non-rare"
"Cell_4704","non-rare"
"Cell_4705","non-rare"
"Cell_4706","non-rare"
"Cell_4707","non-rare"
"Cell_4708","non-rare"
"Cell_4709","non-rare"
"Cell_4710","non-rare"
"Cell_4711","non-rare"
"Cell_4712","non-rare"
"Cell_4713","non-rare"
"Cell_4714","non-rare"
"Cell_4715","non-rare"
"Cell_4716","non-rare"
"Cell_4717","non-rare"
"Cell_4718","non-rare"
"Cell_4719","non-rare"
"Cell_4720","non-rare"
"Cell_4721","non-rare"
"Cell_4722","non-rare"
"Cell_4723","non-rare"
"Cell_4724","non-rare"
"Cell_4725","non-rare"
"Cell_4726","non-rare"
"Cell_4727","non-rare"
"Cell_4728","non-rare"
"Cell_4729","non-rare"
"Cell_4730","non-rare"
"Cell_4731","non-rare"
"Cell_4732","non-rare"
"Cell_4733","non-rare"
"Cell_4734","non-rare"
"Cell_4735","non-rare"
"Cell_4736","non-rare"
"Cell_4737","non-rare"
"Cell_4738","non-rare"
"Cell_4739","non-rare"
"Cell_4740","non-rare"
"Cell_4741","non-rare"
"Cell_4742","non-rare"
"Cell_4743","non-rare"
"Cell_4744","non-rare"
"Cell_4745","non-rare"
"Cell_4746","non-rare"
"Cell_4747","non-rare"
"Cell_4748","non-rare"
"Cell_4749","non-rare"
"Cell_4750","non-rare"
"Cell_4751","non-rare"
"Cell_4752","non-rare"
"Cell_4753","non-rare"
"Cell_4754","non-rare"
"Cell_4755","non-rare"
"Cell_4756","non-rare"
"Cell_4757","non-rare"
"Cell_4758","non-rare"
"Cell_4759","non-rare"
"Cell_4760","non-rare"
"Cell_4761","non-rare"
"Cell_4762","non-rare"
"Cell_4763","non-rare"
"Cell_4764","non-rare"
"Cell_4765","non-rare"
"Cell_4766","non-rare"
"Cell_4767","non-rare"
"Cell_4768","non-rare"
"Cell_4769","non-rare"
"Cell_4770","non-rare"
"Cell_4771","non-rare"
"Cell_4772","non-rare"
"Cell_4773","non-rare"
"Cell_4774","non-rare"
"Cell_4775","non-rare"
"Cell_4776","non-rare"
"Cell_4777","non-rare"
"Cell_4778","non-rare"
"Cell_4779","non-rare"
"Cell_4780","non-rare"
"Cell_4781","non-rare"
"Cell_4782","non-rare"
"Cell_4783","non-rare"
"Cell_4784","non-rare"
"Cell_4785","non-rare"
"Cell_4786","non-rare"
"Cell_4787","non-rare"
"Cell_4788","non-rare"
"Cell_4789","non-rare"
"Cell_4790","non-rare"
"Cell_4791","non-rare"
"Cell_4792","non-rare"
"Cell_4793","non-rare"
"Cell_4794","non-rare"
"Cell_4795","non-rare"
"Cell_4796","non-rare"
"Cell_4797","non-rare"
"Cell_4798","non-rare"
"Cell_4799","non-rare"
"Cell_4800","non-rare"
"Cell_4801","non-rare"
"Cell_4802","non-rare"
"Cell_4803","non-rare"
"Cell_4804","non-rare"
"Cell_4805","non-rare"
"Cell_4806","non-rare"
"Cell_4807","non-rare"
"Cell_4808","non-rare"
"Cell_4809","non-rare"
"Cell_4810","non-rare"
"Cell_4811","rare"
"Cell_4812","non-rare"
"Cell_4813","non-rare"
"Cell_4814","non-rare"
"Cell_4815","non-rare"
"Cell_4816","non-rare"
"Cell_4817","non-rare"
"Cell_4818","non-rare"
"Cell_4819","non-rare"
"Cell_4820","non-rare"
"Cell_4821","non-rare"
"Cell_4822","non-rare"
"Cell_4823","non-rare"
"Cell_4824","non-rare"
"Cell_4825","non-rare"
"Cell_4826","non-rare"
"Cell_4827","non-rare"
"Cell_4828","non-rare"
"Cell_4829","non-rare"
"Cell_4830","non-rare"
"Cell_4831","non-rare"
"Cell_4832","non-rare"
"Cell_4833","non-rare"
"Cell_4834","non-rare"
"Cell_4835","rare"
"Cell_4836","non-rare"
"Cell_4837","non-rare"
"Cell_4838","non-rare"
"Cell_4839","non-rare"
"Cell_4840","non-rare"
"Cell_4841","non-rare"
"Cell_4842","non-rare"
"Cell_4843","non-rare"
"Cell_4844","non-rare"
"Cell_4845","non-rare"
"Cell_4846","non-rare"
"Cell_4847","non-rare"
"Cell_4848","non-rare"
"Cell_4849","non-rare"
"Cell_4850","non-rare"
"Cell_4851","non-rare"
"Cell_4852","non-rare"
"Cell_4853","non-rare"
"Cell_4854","non-rare"
"Cell_4855","non-rare"
"Cell_4856","non-rare"
"Cell_4857","non-rare"
"Cell_4858","non-rare"
"Cell_4859","non-rare"
"Cell_4860","non-rare"
"Cell_4861","non-rare"
"Cell_4862","non-rare"
"Cell_4863","non-rare"
"Cell_4864","non-rare"
"Cell_4865","non-rare"
"Cell_4866","non-rare"
"Cell_4867","non-rare"
"Cell_4868","non-rare"
"Cell_4869","non-rare"
"Cell_4870","non-rare"
"Cell_4871","non-rare"
"Cell_4872","non-rare"
"Cell_4873","non-rare"
"Cell_4874","non-rare"
"Cell_4875","non-rare"
"Cell_4876","non-rare"
"Cell_4877","non-rare"
"Cell_4878","non-rare"
"Cell_4879","non-rare"
"Cell_4880","non-rare"
"Cell_4881","non-rare"
"Cell_4882","non-rare"
"Cell_4883","non-rare"
"Cell_4884","non-rare"
"Cell_4885","non-rare"
"Cell_4886","non-rare"
"Cell_4887","non-rare"
"Cell_4888","non-rare"
"Cell_4889","non-rare"
"Cell_4890","non-rare"
"Cell_4891","non-rare"
"Cell_4892","non-rare"
"Cell_4893","non-rare"
"Cell_4894","non-rare"
"Cell_4895","non-rare"
"Cell_4896","non-rare"
"Cell_4897","non-rare"
"Cell_4898","non-rare"
"Cell_4899","non-rare"
"Cell_4900","non-rare"
"Cell_4901","non-rare"
"Cell_4902","non-rare"
"Cell_4903","non-rare"
"Cell_4904","non-rare"
"Cell_4905","non-rare"
"Cell_4906","non-rare"
"Cell_4907","non-rare"
"Cell_4908","non-rare"
"Cell_4909","non-rare"
"Cell_4910","non-rare"
"Cell_4911","non-rare"
"Cell_4912","non-rare"
"Cell_4913","non-rare"
"Cell_4914","non-rare"
"Cell_4915","non-rare"
"Cell_4916","non-rare"
"Cell_4917","non-rare"
"Cell_4918","non-rare"
"Cell_4919","non-rare"
"Cell_4920","non-rare"
"Cell_4921","non-rare"
"Cell_4922","non-rare"
"Cell_4923","non-rare"
"Cell_4924","non-rare"
"Cell_4925","non-rare"
"Cell_4926","non-rare"
"Cell_4927","non-rare"
"Cell_4928","non-rare"
"Cell_4929","non-rare"
"Cell_4930","non-rare"
"Cell_4931","non-rare"
"Cell_4932","non-rare"
"Cell_4933","non-rare"
"Cell_4934","non-rare"
"Cell_4935","non-rare"
"Cell_4936","rare"
"Cell_4937","non-rare"
"Cell_4938","non-rare"
"Cell_4939","non-rare"
"Cell_4940","non-rare"
"Cell_4941","non-rare"
"Cell_4942","non-rare"
"Cell_4943","non-rare"
"Cell_4944","non-rare"
"Cell_4945","non-rare"
"Cell_4946","non-rare"
"Cell_4947","non-rare"
"Cell_4948","non-rare"
"Cell_4949","non-rare"
"Cell_4950","non-rare"
"Cell_4951","non-rare"
"Cell_4952","non-rare"
"Cell_4953","non-rare"
"Cell_4954","non-rare"
"Cell_4955","non-rare"
"Cell_4956","non-rare"
"Cell_4957","non-rare"
"Cell_4958","non-rare"
"Cell_4959","non-rare"
"Cell_4960","non-rare"
"Cell_4961","non-rare"
"Cell_4962","rare"
"Cell_4963","non-rare"
"Cell_4964","non-rare"
"Cell_4965","non-rare"
"Cell_4966","non-rare"
"Cell_4967","non-rare"
"Cell_4968","non-rare"
"Cell_4969","non-rare"
"Cell_4970","non-rare"
"Cell_4971","non-rare"
"Cell_4972","non-rare"
"Cell_4973","non-rare"
"Cell_4974","non-rare"
"Cell_4975","non-rare"
"Cell_4976","non-rare"
"Cell_4977","non-rare"
"Cell_4978","non-rare"
"Cell_4979","non-rare"
"Cell_4980","non-rare"
"Cell_4981","non-rare"
"Cell_4982","non-rare"
"Cell_4983","non-rare"
"Cell_4984","non-rare"
"Cell_4985","non-rare"
"Cell_4986","non-rare"
"Cell_4987","non-rare"
"Cell_4988","non-rare"
"Cell_4989","non-rare"
"Cell_4990","non-rare"
"Cell_4991","non-rare"
"Cell_4992","non-rare"
"Cell_4993","non-rare"
"Cell_4994","non-rare"
"Cell_4995","non-rare"
"Cell_4996","non-rare"
"Cell_4997","non-rare"
"Cell_4998","non-rare"
"Cell_4999","non-rare"
"Cell_5000","non-rare"
"Cell_5001","non-rare"
"Cell_5002","non-rare"
"Cell_5003","non-rare"
"Cell_5004","non-rare"
"Cell_5005","non-rare"
"Cell_5006","non-rare"
"Cell_5007","non-rare"
"Cell_5008","non-rare"
"Cell_5009","non-rare"
"Cell_5010","non-rare"
"Cell_5011","non-rare"
"Cell_5012","non-rare"
"Cell_5013","non-rare"
"Cell_5014","non-rare"
"Cell_5015","non-rare"
"Cell_5016","non-rare"
"Cell_5017","non-rare"
"Cell_5018","non-rare"
"Cell_5019","non-rare"
"Cell_5020","non-rare"
"Cell_5021","non-rare"
"Cell_5022","non-rare"
"Cell_5023","non-rare"
"Cell_5024","non-rare"
"Cell_5025","non-rare"
"Cell_5026","non-rare"
"Cell_5027","non-rare"
"Cell_5028","non-rare"
"Cell_5029","non-rare"
"Cell_5030","non-rare"
"Cell_5031","non-rare"
"Cell_5032","non-rare"
"Cell_5033","non-rare"
"Cell_5034","non-rare"
"Cell_5035","non-rare"
"Cell_5036","non-rare"
"Cell_5037","non-rare"
"Cell_5038","non-rare"
"Cell_5039","non-rare"
"Cell_5040","non-rare"
"Cell_5041","non-rare"
"Cell_5042","non-rare"
"Cell_5043","non-rare"
"Cell_5044","non-rare"
"Cell_5045","non-rare"
"Cell_5046","non-rare"
"Cell_5047","non-rare"
"Cell_5048","non-rare"
"Cell_5049","non-rare"
"Cell_5050","non-rare"
"Cell_5051","non-rare"
"Cell_5052","non-rare"
"Cell_5053","non-rare"
"Cell_5054","non-rare"
"Cell_5055","non-rare"
"Cell_5056","non-rare"
"Cell_5057","non-rare"
"Cell_5058","non-rare"
"Cell_5059","non-rare"
"Cell_5060","non-rare"
"Cell_5061","rare"
"Cell_5062","non-rare"
"Cell_5063","non-rare"
"Cell_5064","non-rare"
"Cell_5065","non-rare"
"Cell_5066","non-rare"
"Cell_5067","non-rare"
"Cell_5068","non-rare"
"Cell_5069","non-rare"
"Cell_5070","non-rare"
"Cell_5071","non-rare"
"Cell_5072","non-rare"
"Cell_5073","non-rare"
"Cell_5074","non-rare"
"Cell_5075","non-rare"
"Cell_5076","non-rare"
"Cell_5077","non-rare"
"Cell_5078","non-rare"
"Cell_5079","non-rare"
"Cell_5080","non-rare"
"Cell_5081","non-rare"
"Cell_5082","non-rare"
"Cell_5083","non-rare"
"Cell_5084","non-rare"
"Cell_5085","non-rare"
"Cell_5086","non-rare"
"Cell_5087","non-rare"
"Cell_5088","non-rare"
"Cell_5089","non-rare"
"Cell_5090","non-rare"
"Cell_5091","non-rare"
"Cell_5092","non-rare"
"Cell_5093","non-rare"
"Cell_5094","non-rare"
"Cell_5095","non-rare"
"Cell_5096","non-rare"
"Cell_5097","non-rare"
"Cell_5098","non-rare"
"Cell_5099","non-rare"
"Cell_5100","non-rare"
"Cell_5101","non-rare"
"Cell_5102","non-rare"
"Cell_5103","non-rare"
"Cell_5104","non-rare"
"Cell_5105","non-rare"
"Cell_5106","non-rare"
"Cell_5107","non-rare"
"Cell_5108","non-rare"
"Cell_5109","non-rare"
"Cell_5110","non-rare"
"Cell_5111","non-rare"
"Cell_5112","non-rare"
"Cell_5113","non-rare"
"Cell_5114","non-rare"
"Cell_5115","non-rare"
"Cell_5116","non-rare"
"Cell_5117","non-rare"
"Cell_5118","non-rare"
"Cell_5119","non-rare"
"Cell_5120","non-rare"
"Cell_5121","non-rare"
"Cell_5122","non-rare"
"Cell_5123","non-rare"
"Cell_5124","non-rare"
"Cell_5125","non-rare"
"Cell_5126","non-rare"
"Cell_5127","non-rare"
"Cell_5128","non-rare"
"Cell_5129","non-rare"
"Cell_5130","non-rare"
"Cell_5131","non-rare"
"Cell_5132","non-rare"
"Cell_5133","non-rare"
"Cell_5134","non-rare"
"Cell_5135","non-rare"
"Cell_5136","non-rare"
"Cell_5137","non-rare"
"Cell_5138","non-rare"
"Cell_5139","non-rare"
"Cell_5140","non-rare"
"Cell_5141","non-rare"
"Cell_5142","non-rare"
"Cell_5143","non-rare"
"Cell_5144","non-rare"
"Cell_5145","non-rare"
"Cell_5146","non-rare"
"Cell_5147","non-rare"
"Cell_5148","non-rare"
"Cell_5149","non-rare"
"Cell_5150","non-rare"
"Cell_5151","non-rare"
"Cell_5152","non-rare"
"Cell_5153","non-rare"
"Cell_5154","non-rare"
"Cell_5155","non-rare"
"Cell_5156","non-rare"
"Cell_5157","non-rare"
"Cell_5158","non-rare"
"Cell_5159","non-rare"
"Cell_5160","non-rare"
"Cell_5161","non-rare"
"Cell_5162","non-rare"
"Cell_5163","non-rare"
"Cell_5164","non-rare"
"Cell_5165","non-rare"
"Cell_5166","non-rare"
"Cell_5167","non-rare"
"Cell_5168","non-rare"
"Cell_5169","non-rare"
"Cell_5170","non-rare"
"Cell_5171","non-rare"
"Cell_5172","non-rare"
"Cell_5173","non-rare"
"Cell_5174","non-rare"
"Cell_5175","non-rare"
"Cell_5176","non-rare"
"Cell_5177","non-rare"
"Cell_5178","non-rare"
"Cell_5179","non-rare"
"Cell_5180","non-rare"
"Cell_5181","non-rare"
"Cell_5182","non-rare"
"Cell_5183","non-rare"
"Cell_5184","non-rare"
"Cell_5185","non-rare"
"Cell_5186","non-rare"
"Cell_5187","non-rare"
"Cell_5188","non-rare"
"Cell_5189","non-rare"
"Cell_5190","non-rare"
"Cell_5191","non-rare"
"Cell_5192","non-rare"
"Cell_5193","non-rare"
"Cell_5194","non-rare"
"Cell_5195","non-rare"
"Cell_5196","non-rare"
"Cell_5197","non-rare"
"Cell_5198","non-rare"
"Cell_5199","non-rare"
"Cell_5200","non-rare"
"Cell_5201","non-rare"
"Cell_5202","non-rare"
"Cell_5203","non-rare"
"Cell_5204","non-rare"
"Cell_5205","non-rare"
"Cell_5206","non-rare"
"Cell_5207","non-rare"
"Cell_5208","non-rare"
"Cell_5209","non-rare"
"Cell_5210","non-rare"
"Cell_5211","non-rare"
"Cell_5212","non-rare"
"Cell_5213","non-rare"
"Cell_5214","non-rare"
"Cell_5215","non-rare"
"Cell_5216","non-rare"
"Cell_5217","non-rare"
"Cell_5218","non-rare"
"Cell_5219","non-rare"
"Cell_5220","non-rare"
"Cell_5221","non-rare"
"Cell_5222","non-rare"
"Cell_5223","non-rare"
"Cell_5224","non-rare"
"Cell_5225","non-rare"
"Cell_5226","non-rare"
"Cell_5227","non-rare"
